nom_standard,F18-24,population,POURCENTAGE_ETUDIANTS
Massy,785.0,50833,1.5442724214585015
Le Port,619.0,32784,1.8881161542215714
Sainte-Geneviève-des-Bois,722.0,36944,1.9543092247726288
Goussainville,930.0,32217,2.8866747369401247
Millau,695.0,21482,3.235266734940881
Ajaccio,2496.0,72647,3.4357922557022316
Saint-Louis,2833.0,79683,3.5553380269317167
Gap,1518.0,40111,3.78449801800005
Franconville,1435.0,37411,3.835770228007805
Biscarrosse,547.0,14034,3.897677069972923
Romilly-sur-Seine,590.0,14623,4.034739793476031
Montreuil,4603.0,112703,4.084185869054062
Valserhône,686.0,16434,4.174272848971644
Creutzwald,557.0,12772,4.361102411525211
Fresnes,1308.0,29950,4.367278797996661
Saint-Gratien,938.0,21297,4.404376203221111
Montauban,2768.0,61677,4.487896622728083
Vierzon,1155.0,25045,4.611698941904572
Bastia,2257.0,48296,4.673264866655623
Obernai,567.0,12015,4.719101123595506
Bollène,659.0,13830,4.765003615328995
Villefranche-de-Rouergue,559.0,11681,4.785549182433011
Porto-Vecchio,533.0,11040,4.827898550724638
Romorantin-Lanthenay,887.0,18206,4.872020213116555
Gien,649.0,13305,4.8778654641112364
Saint-Brevin-les-Pins,709.0,14473,4.89877703309611
Montélimar,1959.0,39790,4.923347574767529
Fréjus,2748.0,55750,4.92914798206278
L'Isle-sur-la-Sorgue,993.0,20029,4.957811173797992
Saint-André,3042.0,61182,4.972050603118564
Buxerolles,503.0,10034,5.012955949770779
Issoudun,570.0,11314,5.038006010252785
Arles,2594.0,50968,5.089467901428348
Saint-Pierre,4610.0,89817,5.132658628099358
Château-Gontier-sur-Mayenne,873.0,16845,5.182546749777382
Annecy,6840.0,131766,5.191020445334912
Saint-Malo,2446.0,46995,5.204809022236408
Apt,580.0,10889,5.326476260446322
Grasse,2596.0,48708,5.329719963866306
Les Herbiers,868.0,16266,5.336284273945654
Orange,1521.0,28454,5.3454698812117805
Dieppe,1510.0,28091,5.375387134669467
Béziers,4234.0,78683,5.381086130422073
Châteauroux,2374.0,43331,5.478756548429531
Concarneau,1116.0,20209,5.522292048097382
Igny,577.0,10368,5.56520061728395
Challans,1225.0,21900,5.5936073059360725
Valréas,525.0,9381,5.596418292292933
Vitry-le-François,652.0,11458,5.690347355559434
Fouesnant,574.0,10060,5.705765407554672
Bergerac,1519.0,26360,5.762518968133536
Châtillon,2245.0,38930,5.76676085281274
Montluçon,1961.0,33822,5.79800130092839
Cahors,1173.0,20159,5.81874100897862
Cavaillon,1509.0,25832,5.841591824094147
Pontarlier,1043.0,17738,5.880031570639305
Saintes,1500.0,25412,5.902723122934047
Auch,1334.0,22518,5.924149569233502
Paris,127767.0,2145906,5.953988664927541
Saint-Amand-Montrond,568.0,9490,5.985247629083245
Dinard,622.0,10235,6.077186126038105
Lunel,1602.0,26356,6.078312338746396
Amboise,766.0,12569,6.094359137560665
Oloron-Sainte-Marie,651.0,10653,6.11095466065897
Saint-Quentin,3262.0,53100,6.143126177024482
Cestas,1041.0,16932,6.148121899362154
Villeneuve-sur-Lot,1337.0,21690,6.164130935915169
Bourges,3982.0,64362,6.18688045741276
Calais,4193.0,67544,6.20780528248253
Thionville,2571.0,41383,6.2126960346035816
Segré-en-Anjou Bleu,1102.0,17660,6.240090600226501
Colmar,4266.0,68294,6.2465223884967935
Cannes,4540.0,72435,6.26768827224408
Mont-de-Marsan,1884.0,29953,6.289854104764131
Limoux,644.0,10161,6.3379588623167
Petit-Caux,612.0,9654,6.339341205717837
Guéret,805.0,12698,6.339581036383682
La Flèche,959.0,15078,6.360259981429898
Fontenay-le-Comte,841.0,13138,6.401278733444969
Tarnos,829.0,12914,6.4193898095090605
Niort,3808.0,58966,6.457958823728928
Mende,803.0,12336,6.50940337224384
Fécamp,1176.0,18054,6.51379195746095
Le Havre,10824.0,165830,6.527166375203522
Bayeux,827.0,12640,6.542721518987342
Montaigu-Vendée,1347.0,20578,6.545825639031976
Carpentras,1969.0,29865,6.593001841620626
Saint-Rémy-de-Provence,640.0,9692,6.60338423442014
La Teste-de-Buch,1735.0,26269,6.604743233469108
Carentan-les-Marais,676.0,10227,6.60995404321893
Questembert,526.0,7937,6.627189114274914
Nice,22830.0,343477,6.646733260160069
Épernay,1491.0,22362,6.667561041051783
Pia,691.0,10334,6.686665376427327
Cholet,3640.0,54357,6.696469635925456
Carmaux,661.0,9870,6.6970618034447815
Quimper,4254.0,63473,6.702062294203835
Brie-Comte-Robert,1286.0,19161,6.711549501591775
Laon,1617.0,24091,6.712050143207008
Abbeville,1537.0,22895,6.713256169469317
Autun,888.0,13205,6.724725482771678
Châlons-en-Champagne,2997.0,44336,6.759743774810538
Sainte-Anne,1999.0,29547,6.765492266558365
Champagnole,545.0,8040,6.778606965174129
Cherbourg-en-Cotentin,5274.0,77789,6.779878903186826
Le Mans,9942.0,145155,6.849230133305777
Lure,546.0,7960,6.85929648241206
Castelnaudary,861.0,12467,6.906232453677709
Vauvert,793.0,11465,6.916703009158308
Sélestat,1337.0,19279,6.935007002437886
Thouars,974.0,13917,6.998634763239203
Villefranche-sur-Saône,2527.0,36009,7.017690021938959
Nevers,2276.0,32284,7.049931854788751
Plaisance-du-Touch,1375.0,19462,7.06504984071524
Bar-le-Duc,1034.0,14592,7.0860745614035086
Barentin,868.0,12239,7.0920826864939945
Langres,546.0,7682,7.107524082270242
Beaune,1431.0,20122,7.11161912334758
Saint-Sulpice-la-Pointe,676.0,9480,7.1308016877637135
Thonon-les-Bains,2612.0,36626,7.131545896357778
Sallanches,1217.0,16986,7.16472389026257
Plouhinec,669.0,9305,7.189682966147233
Brive-la-Gaillarde,3302.0,45910,7.1923328250925715
Aurillac,1850.0,25703,7.197603392600086
Mauguio,1209.0,16714,7.233456982170636
Soissons,2091.0,28888,7.238299639988923
Le Teil,640.0,8841,7.239000113109377
Mâcon,2494.0,34414,7.247050618934154
Vendôme,1143.0,15680,7.289540816326531
Lavaur,794.0,10892,7.289753947851635
Argentan,977.0,13401,7.2905007089023215
Antibes,5476.0,74709,7.32977285199909
Dole,1736.0,23611,7.35250518825971
Agde,2149.0,29201,7.35933700900654
Reignier-Ésery,601.0,8150,7.374233128834355
Vire Normandie,1250.0,16935,7.381163271331562
Verdun,1262.0,17090,7.384435342305442
Thuir,595.0,8057,7.38488271068636
Saint-Dizier,1706.0,23085,7.390080138618151
Carcassonne,3455.0,46673,7.40256679450646
Draguignan,2921.0,39434,7.407313485824416
Manosque,1711.0,23018,7.433313059344861
Narbonne,4177.0,56123,7.442581472836449
Lézignan-Corbières,830.0,11112,7.469402447804176
Senlis,1144.0,15290,7.482014388489208
Vesoul,1115.0,14866,7.500336337952375
Lons-le-Saunier,1287.0,17092,7.5298385209454715
La Roche-sur-Foron,842.0,11155,7.548184670551322
Saint-Paul,8351.0,110227,7.576183693650377
Nîmes,11198.0,147496,7.592070293431687
Caussade,521.0,6819,7.640416483355331
Pamiers,1223.0,15938,7.6734847534195
Menton,2358.0,30679,7.686039310277389
Hirson,669.0,8685,7.70293609671848
Nemours,1001.0,12966,7.72019126947401
Yvetot,874.0,11280,7.74822695035461
Fourmies,886.0,11403,7.769885117951417
Thiers,893.0,11470,7.785527462946817
Blois,3636.0,46660,7.792541791684526
Baugé-en-Anjou,918.0,11735,7.82275244993609
Bréal-sous-Montfort,509.0,6506,7.8235474946203505
Sisteron,601.0,7669,7.836745338375277
Gujan-Mestras,1735.0,22036,7.873479760392085
Parentis-en-Born,547.0,6928,7.8954965357967675
Chinon,637.0,8063,7.900285253627683
Chalon-sur-Saône,3567.0,45094,7.910143256309043
Landerneau,1270.0,16025,7.925117004680188
Albertville,1574.0,19830,7.937468482097831
Pontchâteau,878.0,11030,7.960108794197643
Saint-André-de-Cubzac,1018.0,12735,7.993718099725166
Évron,693.0,8667,7.995846313603323
Castelsarrasin,1133.0,14131,8.017833132828533
Pierrelatte,1100.0,13708,8.024511234315728
Lunéville,1435.0,17858,8.035614290514054
Miribel,820.0,10202,8.037639678494413
Châteaudun,1041.0,12949,8.039230828635416
Solliès-Pont,963.0,11974,8.042425254718557
Noyon,1067.0,13197,8.085170872167916
Le Malesherbois,650.0,8004,8.120939530234883
Thônes,537.0,6599,8.137596605546294
Oyonnax,1814.0,22271,8.145121458398814
Chantonnay,688.0,8434,8.157457908465734
Clermont-l'Hérault,748.0,9126,8.196362042515888
Brignais,1017.0,12403,8.199629121986616
Uzès,690.0,8390,8.224076281287248
Royan,1534.0,18638,8.230496834424294
Perpignan,9729.0,118032,8.242679951199674
Moissac,1133.0,13738,8.247197554229144
Saint-Raphaël,2973.0,35974,8.264301995885917
Meaux,4611.0,55709,8.27693909422176
Essarts en Bocage,770.0,9300,8.279569892473118
Livron-sur-Drôme,767.0,9254,8.288307758807003
Digne-les-Bains,1401.0,16864,8.307637571157494
Beaucaire,1326.0,15898,8.340671782614164
Dunkerque,7223.0,86545,8.345947195100814
Sanary-sur-Mer,1434.0,17173,8.350317358644384
Fougères,1716.0,20505,8.36869056327725
Beauvais,4764.0,56889,8.37420239413595
Avignon,7597.0,90597,8.385487378169255
Châteaugiron,884.0,10541,8.386301109951617
Freyming-Merlebach,1077.0,12840,8.38785046728972
Gisors,1001.0,11863,8.438000505774255
Sète,3772.0,44576,8.461952620244077
Machecoul-Saint-Même,650.0,7626,8.523472331497508
Aix-les-Bains,2659.0,31100,8.54983922829582
Guilherand-Granges,938.0,10965,8.554491564067487
Janzé,732.0,8523,8.58852516719465
Villers-Cotterêts,896.0,10392,8.622016936104696
Nozay,767.0,8859,8.657862061180719
Albi,4267.0,49094,8.691489795086976
Hettange-Grande,674.0,7753,8.693409002966595
Pont-Sainte-Maxence,1088.0,12512,8.695652173913043
Parthenay,879.0,10108,8.69608231104076
Ozoir-la-Ferrière,1802.0,20712,8.700270374662033
Montereau-Fault-Yonne,1906.0,21888,8.70796783625731
Rochefort,2060.0,23653,8.709254640003381
Villerupt,882.0,10098,8.73440285204991
Ambert,580.0,6636,8.74020494273659
Charleville-Mézières,4055.0,46388,8.74148486677589
Cluses,1490.0,16976,8.777097078228087
Évreux,4114.0,46869,8.777656873413129
Pornic,1484.0,16886,8.788345374866752
Auxonne,671.0,7621,8.80461881642829
Mayenne,1128.0,12805,8.809058961343224
Borgo,816.0,9254,8.817808515236655
Laval,4380.0,49617,8.827619565874599
Alençon,2277.0,25744,8.844779366065879
Toulon,15895.0,179659,8.847316304777383
La Ferté-Bernard,786.0,8863,8.86832900823649
Morteau,608.0,6851,8.874616844256312
Saint-Loubès,886.0,9953,8.901838641615594
Pleurtuit,622.0,6959,8.938065814053743
Dax,1882.0,21044,8.943166698346323
Tulle,1282.0,14314,8.956266592147548
Commentry,549.0,6100,9.0
Aubenas,1117.0,12403,9.005885672821092
Pont-à-Mousson,1294.0,14357,9.013025005223932
Sarreguemines,1855.0,20555,9.024568231573827
Annemasse,3404.0,37485,9.080965719621181
Trois-Rivières,841.0,9238,9.10370210002165
Charvieu-Chavagneux,930.0,10194,9.123013537374925
Quimperlé,1102.0,12077,9.12478264469653
Annonay,1493.0,16359,9.12647472339385
Alès,3928.0,42867,9.163225791401311
Pithiviers,834.0,9067,9.198191242969008
Sorgues,1742.0,18930,9.202324352879028
La Baule-Escoublac,1493.0,16160,9.238861386138614
Granville,1162.0,12558,9.253065774804906
Rumilly,1500.0,16190,9.264978381717109
Roanne,3194.0,34415,9.280836844399245
Belley,856.0,9207,9.297273813402846
Guérande,1493.0,16042,9.306819598553796
Ernée,526.0,5641,9.324587839035631
Cuers,1147.0,12298,9.326719791836071
Nérac,642.0,6854,9.36679311351036
Saint-Flour,606.0,6451,9.393892419779878
Belin-Béliet,548.0,5831,9.398044932258617
Châtillon-sur-Seine,503.0,5352,9.398355754857997
Saverne,1064.0,11303,9.41343006281518
Marseille,82321.0,870321,9.458693976130645
Aurec-sur-Loire,584.0,6166,9.471294193966916
Dombasle-sur-Meurthe,922.0,9733,9.472927155039557
Méru,1361.0,14354,9.481677581162046
Cambrai,2996.0,31559,9.493329953420577
Mulhouse,10262.0,108038,9.498509783594661
Foix,906.0,9515,9.52180767209669
Nègrepelisse,547.0,5740,9.529616724738677
Parigné-l'Évêque,508.0,5320,9.548872180451127
Albert,938.0,9814,9.557774607703282
Liffré,777.0,8129,9.55837126337803
Belleville-en-Beaujolais,1275.0,13336,9.560587882423516
Barr,687.0,7174,9.576247560635629
Sainte-Maxime,1413.0,14750,9.579661016949153
Rosheim,511.0,5312,9.619728915662652
Lesneven,701.0,7285,9.622512010981469
Landivisiau,886.0,9204,9.62624945675793
Sablé-sur-Sarthe,1168.0,12123,9.634578899612308
Issoire,1475.0,15297,9.642413545139568
Saint-Girons,619.0,6415,9.649259547934529
Compiègne,3918.0,40453,9.68531382097743
Pont-l'Abbé,813.0,8392,9.687797902764537
Le Barp,548.0,5625,9.742222222222221
Bléré,513.0,5264,9.745440729483283
Moret-Loing-et-Orvanne,1219.0,12507,9.746541936515552
Pontivy,1472.0,15092,9.753511794328121
Ille-sur-Têt,539.0,5519,9.76626200398623
Pont-Audemer,966.0,9891,9.766454352441615
Bressuire,1944.0,19862,9.787533984493002
Metz,11785.0,120211,9.803595344851969
Boulay-Moselle,548.0,5565,9.847259658580414
L'Aigle,779.0,7903,9.85701632291535
Brest,13767.0,139456,9.871930931620009
Creil,3563.0,35970,9.905476786210732
Rambouillet,2679.0,27043,9.906445290833117
Châteaubriant,1191.0,12016,9.911784287616511
Toul,1572.0,15857,9.913602825250678
Montlouis-sur-Loire,1083.0,10895,9.940339605323544
Montval-sur-Loir,587.0,5903,9.94409622225987
Montauroux,658.0,6599,9.971207758751326
La Londe-les-Maures,1147.0,11493,9.979987818672235
Vienne,3011.0,30059,10.01696663228983
Lamballe-Armor,1673.0,16689,10.02456708011265
La Farlède,963.0,9605,10.026028110359189
Monistrol-sur-Loire,905.0,8962,10.098192367775049
Ploërmel,992.0,9785,10.137966274910577
Reims,18308.0,180318,10.153173837331824
Cognac,1900.0,18606,10.211759647425561
Marmande,1764.0,17265,10.217202432667245
Grenade,904.0,8846,10.219308161881075
Maen Roch,518.0,5033,10.292072322670375
Saint-Astier,575.0,5563,10.33614955959015
Pau,7824.0,75665,10.340315865988238
Gray,577.0,5560,10.377697841726619
Saint-Gaudens,1214.0,11664,10.408093278463648
Rodez,2556.0,24397,10.476697954666557
Haguenau,3729.0,35448,10.519634394041976
Saint-Maixent-l'École,763.0,7243,10.534308987988403
Blaye,516.0,4897,10.53706350827037
Biguglia,816.0,7732,10.553543714433523
Vernon,2642.0,24996,10.569691150584093
Tarbes,4548.0,42925,10.595224228305183
Sèvremont,680.0,6417,10.59685211157862
Riom,1988.0,18733,10.612288474883895
Saint-Julien-en-Genevois,1673.0,15739,10.62964610203952
Louhans,686.0,6451,10.634010230971942
Saint-Sever,524.0,4927,10.635275015222245
Phalsbourg,502.0,4700,10.680851063829786
Fumel,503.0,4709,10.681673391378212
Dol-de-Bretagne,618.0,5761,10.727304287450096
Paray-le-Monial,989.0,9218,10.72900846170536
Châteaurenard,1739.0,16201,10.73390531448676
Saint-Pol-de-Léon,725.0,6743,10.751890849770133
Le Cannet,4540.0,42125,10.777448071216616
Forbach,2329.0,21509,10.828025477707007
Chaumont,2515.0,23148,10.864869535165026
Sarrebourg,1334.0,12278,10.86496172014986
Sézanne,519.0,4775,10.86910994764398
Lannion,2229.0,20451,10.899222531905531
Saint-Rémy-lès-Chevreuse,845.0,7750,10.903225806451614
Bagnols-sur-Cèze,1975.0,18072,10.928508189464365
Calvisson,647.0,5914,10.940142035847142
Genas,1444.0,13195,10.943539219401288
Provins,1326.0,12115,10.945109368551382
Hœrdt,502.0,4586,10.94635848233755
Évian-les-Bains,1002.0,9117,10.990457387298454
Guebwiller,1208.0,10988,10.99381143065162
Commercy,589.0,5352,11.005231689088191
Morangis,1491.0,13525,11.024029574861368
Trouville-sur-Mer,509.0,4603,11.058005648490116
Amiens,14858.0,134167,11.074258200600744
La Rochelle,8568.0,77251,11.091118561572017
Chambéry,6568.0,59172,11.099844521057257
Bourg-en-Bresse,4639.0,41681,11.129771358652624
Viuz-en-Sallaz,505.0,4532,11.142983230361871
Saint-Avold,1692.0,15171,11.152857425350998
Le Thor,993.0,8883,11.178655859506923
Givet,710.0,6343,11.193441589153398
Le Luc,1238.0,11058,11.195514559594862
Morlaix,1647.0,14709,11.197226188048134
Le Pian-Médoc,784.0,6995,11.208005718370265
Chartres,4337.0,38443,11.281637749395209
Vannes,6097.0,54017,11.287187366940039
Gaillac,1721.0,15245,11.288947195801901
Muzillac,571.0,5054,11.297981796596755
Hagetmau,524.0,4631,11.315050744979487
Figeac,1110.0,9784,11.34505314799673
Savenay,1055.0,9283,11.364860497683939
Besançon,13462.0,118258,11.383585042872364
Fayence,658.0,5770,11.403812824956674
Boulogne-sur-Mer,4631.0,40588,11.409776288558195
Saint-Étienne,19868.0,174082,11.41301225859078
Château-Thierry,1748.0,15306,11.420358029530902
Saint-Jean-d'Illac,1041.0,9106,11.432022842082144
Chaponost,1017.0,8887,11.443681782378755
Vichy,2904.0,25372,11.445688160176573
Saint-Brieuc,5069.0,44166,11.477154372141467
Saint-Pierre-en-Faucigny,842.0,7333,11.482340106368472
Arras,4883.0,42337,11.533646692018802
Le Creusot,2429.0,21057,11.53535641354419
Montfort-sur-Meu,779.0,6743,11.552721340649562
Saumur,3022.0,26154,11.554637913894625
Rethel,861.0,7445,11.564808596373405
Maule,688.0,5949,11.564968902336528
Loriol-sur-Drôme,767.0,6629,11.570372605219491
Souppes-sur-Loing,608.0,5253,11.574338473253379
Tresses,578.0,4981,11.604095563139932
Saint-Maurice,1867.0,16056,11.628051818634779
Libourne,2846.0,24432,11.648657498362804
Crépy-en-Valois,1675.0,14365,11.660285415941525
Lorient,6695.0,57412,11.66132515850345
Strasbourg,33907.0,290576,11.668892131490557
Villers-le-Lac,608.0,5207,11.67658920683695
Sully-sur-Loire,602.0,5141,11.709784088698697
Écommoy,557.0,4752,11.72138047138047
Honfleur,798.0,6742,11.836250370809848
Aizenay,1192.0,10067,11.840667527565312
Léognan,1265.0,10641,11.887980452964946
Agen,3830.0,32214,11.889240702800025
Saint-Cyr-sur-Mer,1434.0,12058,11.892519489135843
Liancourt,847.0,7083,11.958209798108147
Cogolin,1413.0,11794,11.980668136340512
Nangis,1068.0,8904,11.994609164420485
Toulouse,59905.0,498003,12.02904400174296
Nivillac,571.0,4746,12.03118415507796
Saint-Philbert-de-Grand-Lieu,1110.0,9213,12.048192771084338
Sainte-Maure-de-Touraine,501.0,4147,12.081022425850012
Mortagne-sur-Sèvre,734.0,6063,12.10621804387267
Châteaulin,625.0,5156,12.121799844840963
Bagneux,5232.0,43090,12.142028312833604
Surgères,827.0,6801,12.159976474047934
Bain-de-Bretagne,905.0,7435,12.172158708809684
Chantilly,1291.0,10604,12.174651075066013
Revin,710.0,5825,12.188841201716738
Saint-Laurent-Nouan,524.0,4299,12.188881135147708
Sanguinet,547.0,4487,12.190773345219522
Vic-en-Bigorre,589.0,4831,12.192092734423515
Castelnau-d'Estrétefonds,816.0,6689,12.199132904769023
Pouzauges,680.0,5565,12.219227313566936
Dreux,3762.0,30744,12.236533957845433
Saint-Chéron,652.0,5325,12.244131455399062
Guénange,930.0,7594,12.246510402949697
Montauban-de-Bretagne,766.0,6246,12.263848863272495
Argelès-sur-Mer,1303.0,10593,12.30057585197772
Orléans,14405.0,117026,12.309230427426384
Tarare,1304.0,10572,12.334468407113128
Le Mesnil-Saint-Denis,845.0,6831,12.370077587468892
Reichshoffen,670.0,5416,12.370753323485967
Ombrée d'Anjou,1102.0,8908,12.37090255949708
Lisieux,2447.0,19755,12.386737534801316
Audun-le-Tiche,882.0,7108,12.408553742262239
Dijon,19781.0,159106,12.432592108405718
Nantes,39904.0,320732,12.441539977301922
Saint-Péray,938.0,7538,12.443618997081455
Sèvremoine,3179.0,25519,12.457384693757593
Carbonne,728.0,5841,12.463619243280261
Guise,569.0,4559,12.48080719456021
Saint-Nicolas-de-Port,922.0,7383,12.488148449139915
Plabennec,1069.0,8545,12.510239906377999
Brissac Loire Aubance,1366.0,10906,12.525215477718687
Troyes,7841.0,62597,12.526159400610254
Les Hauts-d'Anjou,1097.0,8743,12.547180601624156
Lesparre-Médoc,732.0,5826,12.564366632337794
Val-Couesnon,518.0,4119,12.575867929109009
Saint-Paul-Trois-Châteaux,1100.0,8731,12.59878593517352
Plélan-le-Grand,509.0,4030,12.630272952853597
Marignier,800.0,6333,12.632243802305384
Millas,539.0,4261,12.649612766956114
Longwy,1914.0,15117,12.661242309982141
Montpellier,37920.0,299096,12.678203653676412
Périgueux,3716.0,29255,12.702102204751325
Fronton,816.0,6413,12.724154062061437
Orthez,1332.0,10466,12.726925281865087
Pechbonnieu,591.0,4624,12.78114186851211
Valence,8929.0,69849,12.783289667711777
Vitré,2381.0,18603,12.799010912218458
Sommières,647.0,5053,12.804274688303977
Wasselonne,738.0,5755,12.823631624674197
Genlis,670.0,5190,12.909441233140656
Gournay-en-Bray,779.0,6027,12.925170068027212
Andernos-les-Bains,1589.0,12284,12.935525887333116
Beaufort-en-Anjou,918.0,7096,12.936865839909808
Digoin,989.0,7616,12.985819327731093
Le Puy-en-Velay,2463.0,18947,12.999419433155646
Breuillet,1534.0,11790,13.01102629346904
Angoulême,5392.0,41407,13.021952809911367
Montargis,1924.0,14738,13.054688560184557
Voiron,2657.0,20332,13.068070037379501
Saint-Lô,2533.0,19206,13.188586899927108
La Crèche,763.0,5782,13.196125907990314
Châteauneuf-sur-Loire,1107.0,8382,13.206871868289191
Corbie,829.0,6276,13.209050350541746
Privas,1141.0,8567,13.318547916423483
Saint-Paul-lès-Dax,1882.0,14126,13.322950587569022
Graulhet,1721.0,12914,13.326622270404211
Douvres-la-Délivrande,677.0,5076,13.337273443656422
Publier,1002.0,7499,13.361781570876117
Le Lude,548.0,4100,13.365853658536587
Castelmaurou,591.0,4406,13.413527008624603
Monteux,1742.0,12979,13.421681177286384
Versailles,11249.0,83583,13.458478398717444
Lucciana,816.0,6036,13.518886679920477
Bonneville,1738.0,12848,13.527397260273974
Beaupréau-en-Mauges,3179.0,23465,13.5478372043469
Castres,5789.0,42645,13.574862234728574
Touques,509.0,3744,13.595085470085468
Guichen,1192.0,8763,13.602647495150064
Saint-Martin-de-Seignanx,829.0,6033,13.741090667992706
Saint-Marcellin,1064.0,7731,13.762773250549735
Gourin,521.0,3783,13.772138514406556
Saint-Just-Malmont,584.0,4240,13.773584905660377
Cazouls-lès-Béziers,706.0,5124,13.778298204527712
Auray,1951.0,14155,13.783115506888025
Saint-Étienne-de-Tulmont,547.0,3965,13.795712484237074
Passy,1622.0,11755,13.798383666524883
Angers,21515.0,155876,13.802637994303163
Valdahon,792.0,5734,13.812347401464947
Le Poiré-sur-Vie,1192.0,8616,13.834726090993502
Aimargues,793.0,5729,13.841857217664513
Elne,1303.0,9402,13.858753456711337
Carignan-de-Bordeaux,578.0,4161,13.890891612593126
Saint-Renan,1152.0,8276,13.919768003866603
Saint-Étienne-de-Montluc,1055.0,7578,13.921879123779362
Coutances,1168.0,8380,13.937947494033413
La Grande-Motte,1209.0,8638,13.99629543875897
Estrées-Saint-Denis,522.0,3726,14.009661835748794
Mauriac,522.0,3721,14.02848696586939
Legé,650.0,4633,14.029786315562271
Bormes-les-Mimosas,1147.0,8162,14.0529282038716
Saint-Nom-la-Bretèche,688.0,4892,14.063777596075225
Molsheim,1316.0,9352,14.071856287425149
Pavilly,868.0,6164,14.081765087605453
Montceau-les-Mines,2429.0,17239,14.090144439932711
Melun,5865.0,41609,14.095508183325723
Faulquemont,727.0,5157,14.097343416715145
Neuves-Maisons,935.0,6629,14.104691507014632
Ornans,624.0,4422,14.111261872455902
Clermont-Ferrand,20788.0,147284,14.114228293636783
Sainte-Marie,7468.0,52889,14.12013840307058
Combourg,859.0,6082,14.123643538309766
Souleuvre en Bocage,1250.0,8848,14.12748643761302
Merville,2253.0,15933,14.140463189606479
Mamers,720.0,5082,14.167650531286895
Varennes-sur-Allier,516.0,3642,14.168039538714991
Luçon,1352.0,9541,14.170422387590401
Tergnier,1915.0,13504,14.180983412322275
Saint-Gély-du-Fesc,1476.0,10397,14.196402808502453
Saint-Hippolyte-du-Fort,533.0,3752,14.205756929637529
Mios,1589.0,11180,14.212880143112702
Guer,867.0,6079,14.26221417996381
Montluel,979.0,6864,14.262820512820513
Bogny-sur-Meuse,715.0,5011,14.268609060067849
Deauville,509.0,3567,14.269694421082141
Billom,685.0,4790,14.30062630480167
Fillinges,505.0,3525,14.326241134751774
Brindas,944.0,6589,14.326908483836698
Biganos,1589.0,11065,14.360596475372796
Mornant,896.0,6238,14.363578069894197
Pauillac,732.0,5084,14.398111723052715
Noyal-sur-Vilaine,884.0,6131,14.418528788125917
Gouvieux,1291.0,8946,14.431030628213726
La Réole,629.0,4351,14.456446793840497
Bernay,1398.0,9654,14.481044126786824
Saint-Prix,1233.0,8497,14.511003883723667
Lamorlaye,1291.0,8889,14.523568455394306
Thann,1133.0,7784,14.555498458376157
Saint-Symphorien-d'Ozon,854.0,5850,14.598290598290598
Tours,20150.0,137850,14.61733768589046
Gannat,850.0,5815,14.617368873602752
Loudéac,1411.0,9652,14.618731869042687
Friville-Escarbotin,657.0,4492,14.6260017809439
Le Beausset,1434.0,9802,14.629667414813301
Le Neubourg,623.0,4254,14.64503996238834
Bourgoin-Jallieu,4305.0,29389,14.648337813467624
Verfeil,609.0,4153,14.66409824223453
Weyersheim,502.0,3419,14.682655747294532
Léguevin,1375.0,9361,14.688601645123384
Rosporden,1116.0,7594,14.695812483539635
Saint-Jeoire,505.0,3426,14.740221833041447
Ham,666.0,4510,14.767184035476719
Tournon-sur-Rhône,1601.0,10835,14.776188278726348
Falaise,1213.0,8189,14.812553425326659
Marquise,753.0,5072,14.846214511041008
Yutz,2571.0,17304,14.857836338418862
Verneuil d'Avre et d'Iton,1098.0,7374,14.890154597233524
Bâgé-Dommartin,606.0,4068,14.896755162241886
Montmerle-sur-Saône,561.0,3761,14.916245679340602
Saint-Laurent-Médoc,732.0,4905,14.92354740061162
Ludon-Médoc,784.0,5252,14.927646610814927
Thourotte,666.0,4455,14.949494949494948
Eu,996.0,6653,14.970689914324364
Vallet,1410.0,9412,14.980875478113049
Chemillé-en-Anjou,3179.0,21187,15.004483881625525
Ondres,829.0,5519,15.020837108171769
Charlieu,558.0,3714,15.024232633279484
Sainte-Sigolène,905.0,6023,15.025734683712436
Hayange,2404.0,15994,15.030636488683255
Guînes,842.0,5581,15.08690198889088
Châlette-sur-Loing,1924.0,12743,15.098485442988308
La Bazoge,553.0,3651,15.146535195836758
Vergèze,828.0,5465,15.15096065873742
Chevreuse,845.0,5572,15.16511127063891
Les Monts d'Aunay,697.0,4595,15.168661588683353
Moncé-en-Belin,557.0,3669,15.181248296538566
Maraussan,706.0,4650,15.18279569892473
Claira,691.0,4550,15.186813186813186
Douai,6060.0,39842,15.210079815270316
Craon,707.0,4639,15.24035352446648
Bischoffsheim,511.0,3338,15.308568004793289
Erstein,1646.0,10739,15.32731166775305
Niederbronn-les-Bains,670.0,4369,15.335317006179904
Melesse,1091.0,7111,15.342427225425398
Desvres,746.0,4861,15.346636494548447
Fontainebleau,2446.0,15903,15.38074577123813
Oye-Plage,866.0,5630,15.381882770870337
Argences,585.0,3798,15.402843601895736
Pont-de-Chéruy,930.0,6028,15.428002654280027
Saint-Père-en-Retz,709.0,4594,15.43317370483239
Muret,3837.0,24762,15.495517324933367
Bénodet,574.0,3702,15.505132360886007
Aramon,647.0,4172,15.508149568552254
Vaugneray,944.0,6082,15.521210128247287
Nuits-Saint-Georges,829.0,5332,15.547636909227307
Maizières-lès-Metz,1834.0,11776,15.574048913043478
Saint-André-de-Sangonis,987.0,6334,15.582570255762551
Berck,2098.0,13442,15.607796458860287
Marckolsheim,662.0,4234,15.635333018422296
Caudry,2195.0,14028,15.647276874821786
Grézieu-la-Varenne,944.0,6029,15.657654669099353
Arcachon,1735.0,11076,15.664499819429398
Bouzonville,615.0,3926,15.664798777381558
Mazé-Milon,918.0,5860,15.665529010238908
Montech,1046.0,6669,15.684510421352527
La Tour-d'Aigues,680.0,4327,15.715276172868037
Replonges,606.0,3833,15.810070440907905
Trégunc,1116.0,7058,15.811844715216775
Latresne,566.0,3578,15.818893236444943
Penmarch,813.0,5139,15.82019848219498
Hazebrouck,3397.0,21464,15.826500186358553
Mont-près-Chambord,524.0,3309,15.83559987911756
Saïx,576.0,3630,15.867768595041323
Héricourt,1694.0,10675,15.868852459016395
Les Villages Vovéens,624.0,3932,15.869786368260428
Locminé,727.0,4578,15.880297072957623
Rennes,35418.0,222485,15.919275456772366
Dinan,2340.0,14682,15.937883122190438
Audruicq,866.0,5428,15.954310980103168
Le Controis-en-Sologne,1064.0,6663,15.968782830556808
Doullens,938.0,5870,15.979557069846678
Dives-sur-Mer,838.0,5234,16.01069927397784
Samer,746.0,4656,16.022336769759452
Saint-Pathus,1001.0,6238,16.046809874959923
Frontignan,3772.0,23485,16.061315733446882
Serres-Castet,706.0,4393,16.071022080582743
Heyrieux,757.0,4708,16.079014443500427
Saint-Just-en-Chaussée,976.0,6056,16.116248348745046
Plouguerneau,1069.0,6633,16.116387758178803
Cadenet,680.0,4219,16.117563403650152
Brignoles,2853.0,17652,16.162474507138004
Missillac,878.0,5432,16.163475699558173
Courseulles-sur-Mer,677.0,4185,16.176821983273594
La Salvetat-Saint-Gilles,1375.0,8497,16.182181946569376
Rostrenen,507.0,3132,16.187739463601535
Saint-Martin-le-Beau,513.0,3169,16.188071946986433
Fameck,2404.0,14829,16.211477510283903
Bonnières-sur-Seine,792.0,4882,16.22285948381811
Retiers,732.0,4503,16.25582944703531
Maubeuge,4823.0,29625,16.28016877637131
Capbreton,1495.0,9181,16.283629234288206
Bitche,807.0,4955,16.286579212916248
Saint-Évarzec,574.0,3521,16.302186878727635
Moëlan-sur-Mer,1102.0,6748,16.330764671013632
Saint-Maximin-la-Sainte-Baume,2853.0,17468,16.332722692924204
Albias,547.0,3337,16.391968834282288
Solliès-Toucas,963.0,5867,16.4138401227203
Beaugency,1213.0,7384,16.427410617551462
Scionzier,1490.0,9057,16.451363586176438
Saint-Nicolas-d'Aliermont,612.0,3718,16.460462614308767
Nogent-sur-Oise,3563.0,21589,16.503775070637825
Maringues,515.0,3112,16.54884318766067
Bohain-en-Vermandois,944.0,5703,16.55269156584254
Saint-Caprais-de-Bordeaux,566.0,3419,16.554548113483474
Le Loroux-Bottereau,1410.0,8517,16.555125044029587
Pont-Saint-Martin,1110.0,6690,16.591928251121075
La Forêt-Fouesnant,574.0,3459,16.59439144261347
Guipry-Messac,1192.0,7181,16.599359420693496
Noyant-Villages,918.0,5529,16.603364080303855
Bonifacio,533.0,3204,16.6354556803995
Illiers-Combray,539.0,3237,16.651220265678095
Saint-Pourçain-sur-Sioule,850.0,5100,16.666666666666664
Montbéliard,4288.0,25726,16.66796237269688
Morlaàs,726.0,4353,16.67815299793246
Chaumont-en-Vexin,559.0,3348,16.69653524492234
Tarascon,2594.0,15508,16.726850657725045
Saint-Méen-le-Grand,766.0,4576,16.73951048951049
Chauny,1915.0,11438,16.742437489071516
Laragne-Montéglin,601.0,3579,16.79240011176306
Barjols,507.0,3017,16.80477295326483
Marans,759.0,4512,16.8218085106383
Ancenis-Saint-Géréon,1866.0,11081,16.839635411966427
Saint-Didier-en-Velay,584.0,3459,16.88349233882625
Neufchâtel-en-Bray,785.0,4646,16.896254842875592
Pernes-les-Fontaines,1742.0,10294,16.922479114047018
Beynost,820.0,4829,16.980741354317665
Saint-Jean-d'Angély,1146.0,6744,16.992882562277583
Tiercé,760.0,4470,17.002237136465325
Beuzeville,798.0,4682,17.043998291328492
Iffendic,779.0,4567,17.057149113203415
Amnéville,1821.0,10668,17.069741282339706
La Bouëxière,777.0,4546,17.091948966124065
Dompierre-sur-Besbre,516.0,3010,17.142857142857142
Lapalud,659.0,3842,17.15252472670484
Bandol,1434.0,8359,17.15516210072975
Hombourg-Haut,1077.0,6275,17.163346613545816
Bouloc,816.0,4754,17.164493058477074
Soultz-Haut-Rhin,1208.0,7033,17.176169486705533
Apprieu,598.0,3475,17.20863309352518
Alénya,629.0,3654,17.21401204159825
Yzeure,2187.0,12701,17.219116604991733
Truchtersheim,756.0,4386,17.236662106703147
Lyon,90323.0,522228,17.29570226031542
Canéjan,1041.0,5997,17.358679339669834
Audenge,1589.0,9136,17.392732049036777
Ussel,1694.0,9729,17.411861445163943
Gries,502.0,2879,17.436609934004863
Sainte-Suzanne,4494.0,25771,17.438205735128633
Mayet,548.0,3142,17.441120305537876
Marlenheim,738.0,4230,17.4468085106383
Bussy-Saint-Georges,4634.0,26551,17.45320326918007
Pleyben,625.0,3579,17.462978485610506
Bédée,779.0,4460,17.466367713004484
La Ferté-Gaucher,853.0,4877,17.490260405987286
Moult-Chicheboville,585.0,3344,17.49401913875598
Fargues-Saint-Hilaire,578.0,3303,17.499243112322134
Macau,784.0,4478,17.507815989280928
Pompignac,578.0,3301,17.509845501363223
Melle,1056.0,6018,17.547357926221334
Nissan-lez-Enserune,706.0,4020,17.562189054726367
Ambérieu-en-Bugey,2510.0,14288,17.567189249720045
Mauges-sur-Loire,3179.0,18083,17.58004755848034
Magalas,603.0,3424,17.610981308411215
Treillières,1774.0,10054,17.644718519992043
Renage,598.0,3388,17.650531286894925
Montady,706.0,3990,17.694235588972433
Louviers,3304.0,18636,17.729126421978965
Caen,19049.0,107250,17.76130536130536
Mondragon,659.0,3708,17.772384034519956
Grenoble,28138.0,158240,17.78185035389282
Trévoux,1235.0,6945,17.782577393808495
Vic-le-Comte,923.0,5188,17.791056283731688
Pleuven,574.0,3223,17.809494260006208
Gundershoffen,670.0,3758,17.828632251197448
Mesnils-sur-Iton,1098.0,6149,17.856562042608555
Villers-Bretonneux,829.0,4637,17.877938322191074
Cazères,850.0,4753,17.883442036608457
Thury-Harcourt-le-Hom,644.0,3599,17.893859405390387
Saint-Valery-en-Caux,700.0,3906,17.921146953405017
Beausoleil,2358.0,13153,17.927469018474874
Laigneville,847.0,4722,17.93731469716222
Villette-d'Anthon,930.0,5183,17.94327609492572
Soustons,1495.0,8318,17.973070449627315
Fontenay-Trésigny,1035.0,5756,17.981236970118136
Feillens,606.0,3366,18.003565062388592
Puylaurens,576.0,3194,18.033813400125233
Loches,1112.0,6165,18.037307380373075
Ribécourt-Dreslincourt,666.0,3683,18.083084442030952
Ingwiller,729.0,4029,18.093819806403573
Fontvieille,640.0,3531,18.125177003681678
Romilly-sur-Andelle,593.0,3268,18.14565483476132
Roquebrune-Cap-Martin,2358.0,12966,18.18602498843128
Ploudalmézeau,1152.0,6333,18.190431075319754
Redon,1695.0,9315,18.19645732689211
Bayonne,9477.0,52006,18.22289735799715
Teloché,557.0,3056,18.226439790575917
Uchaud,828.0,4542,18.229854689564068
Dormans,532.0,2916,18.244170096021946
Plouha,832.0,4560,18.24561403508772
Saint-Sulpice-et-Cameyrac,886.0,4848,18.275577557755778
Weitbruch,502.0,2738,18.3345507669832
Angerville,838.0,4569,18.34099365287809
Moreuil,733.0,3996,18.343343343343342
Anse,1423.0,7754,18.351818416301263
Chambly,1865.0,10127,18.416115335242424
Donzère,1100.0,5963,18.447090390742915
Rombas,1821.0,9864,18.461070559610707
Meung-sur-Loire,1213.0,6567,18.47114359677174
Cavalaire-sur-Mer,1413.0,7642,18.489924103637794
Veauche,1665.0,9001,18.497944672814132
Saint-Pierre-lès-Nemours,1001.0,5408,18.509615384615387
Cloyes-les-Trois-Rivières,1041.0,5618,18.529725881096475
Lizy-sur-Ourcq,655.0,3529,18.560498724851232
Athée-sur-Cher,513.0,2760,18.586956521739133
Paulhan,748.0,4024,18.588469184890656
Camblanes-et-Meynac,566.0,3040,18.61842105263158
La Chevrolière,1110.0,5951,18.652327339942868
Saint-Didier-sur-Chalaronne,561.0,3003,18.681318681318682
Ploudaniel,701.0,3750,18.693333333333335
Hénin-Beaumont,4841.0,25886,18.701228463261995
Chavanoz,930.0,4961,18.74622052005644
Lannilis,1069.0,5694,18.77414822620302
Saint-Julien-de-Concelles,1410.0,7505,18.787475016655563
Mouriès,640.0,3400,18.823529411764707
Prades,1408.0,7476,18.833600856072767
Pont-Saint-Esprit,1975.0,10482,18.841824079374163
Montayral,503.0,2669,18.84600974147621
Pierrefeu-du-Var,1147.0,6083,18.85582771658721
Créhange,727.0,3854,18.863518422418267
Contes,1491.0,7877,18.928526088612415
La Suze-sur-Sarthe,853.0,4498,18.963983992885726
Bretignolles-sur-Mer,966.0,5093,18.967209895935596
Lentilly,1236.0,6510,18.986175115207374
Aigrefeuille-d'Aunis,827.0,4343,19.04213677181672
Puiseaux,650.0,3413,19.044828596542633
Erdre-en-Anjou,1097.0,5759,19.048445910748395
Lège-Cap-Ferret,1589.0,8334,19.06647468202544
Montberon,591.0,3099,19.070667957405615
Geudertheim,502.0,2631,19.08019764348157
Jarny,1564.0,8190,19.096459096459096
Cadaujac,1265.0,6623,19.100105692284465
Salses-le-Château,691.0,3616,19.109513274336283
Pers-Jussy,601.0,3145,19.109697933227345
Ardres,842.0,4404,19.118982742960945
Tonneins,1764.0,9213,19.14685770107457
Isigny-sur-Mer,688.0,3590,19.16434540389972
Courville-sur-Eure,539.0,2812,19.167852062588906
Communay,854.0,4455,19.16947250280584
Roquebrune-sur-Argens,2748.0,14335,19.169863969305894
Saint-Vincent-de-Tyrosse,1495.0,7798,19.171582457040266
Saint-Aubin-du-Cormier,777.0,4052,19.175715695952615
Le Lavandou,1147.0,5980,19.180602006688964
Champagne-sur-Seine,1219.0,6354,19.184765502045956
Combrit,813.0,4236,19.192634560906516
L'Arbresle,1236.0,6437,19.201491377971106
Bonnétable,720.0,3749,19.20512136569752
Bellevigny,1192.0,6193,19.247537542386564
Les Fins,608.0,3157,19.25878999049731
Nort-sur-Erdre,1774.0,9198,19.286801478582298
Noyen-sur-Sarthe,508.0,2633,19.293581466008355
Orée d'Anjou,3179.0,16468,19.304104930774834
Roye,1387.0,7183,19.3094807183628
Villeneuve-sur-Aisne,537.0,2780,19.31654676258993
Chaponnay,854.0,4411,19.360689186125597
La Ville-aux-Dames,1083.0,5593,19.363490076881817
Saint-Genis-Pouilly,2764.0,14274,19.363878380271824
Murviel-lès-Béziers,603.0,3112,19.376606683804628
Le Grand-Lemps,598.0,3084,19.39040207522698
Chelles,10638.0,54845,19.396480991886225
Étaples,2098.0,10813,19.402570979376677
Saint-Martin-de-Crau,2594.0,13364,19.4103561807842
Soucieu-en-Jarrest,896.0,4613,19.423368740515933
Rosières-en-Santerre,584.0,3005,19.434276206322796
Val de Briey,1564.0,8041,19.45031712473573
Ham-sous-Varsberg,557.0,2862,19.461914744933612
Bannalec,1102.0,5656,19.483734087694486
Carignan,561.0,2875,19.51304347826087
Rians,1032.0,5274,19.56769055745165
Vallauris,5476.0,27970,19.57811941365749
Mesnil-Roc'h,859.0,4387,19.580578983359928
Latour-Bas-Elne,629.0,3210,19.595015576323988
Corte,1482.0,7549,19.63173930321897
Moréac,727.0,3703,19.63273021874156
Hagondange,1834.0,9332,19.65280754393485
Saint-Rambert-d'Albon,1343.0,6833,19.6546172984048
Terres-de-Haute-Charente,761.0,3867,19.67933798810447
Le Fenouiller,966.0,4897,19.72636307943639
Le Teich,1735.0,8794,19.72936092790539
Villefranche-de-Lauragais,958.0,4848,19.76072607260726
Montbrison,3159.0,15943,19.81433858119551
Clisson,1489.0,7507,19.83482083388837
Thézan-lès-Béziers,603.0,3040,19.835526315789473
Mertzwiller,670.0,3376,19.845971563981042
Condé-en-Normandie,1250.0,6296,19.85387547649301
Sorèze,584.0,2938,19.877467665078285
Farébersviller,1077.0,5406,19.922308546059934
Saint-Saturnin-lès-Apt,580.0,2910,19.93127147766323
Feurs,1665.0,8352,19.935344827586206
Langeais,867.0,4349,19.935617383306507
Cléder,725.0,3635,19.944979367262725
Divatte-sur-Loire,1410.0,7042,20.02272081794945
Longeville-lès-Saint-Avold,727.0,3627,20.04411359250069
Bournezeau,688.0,3431,20.052462838822503
Seillons-Source-d'Argens,507.0,2526,20.071258907363422
Anizy-le-Grand,520.0,2587,20.100502512562816
Château-Landon,608.0,3020,20.132450331125828
Florange,2404.0,11939,20.135689756260994
Saint-Maurice-de-Beynost,820.0,4066,20.16724053123463
Vonnas,646.0,3198,20.20012507817386
Montrevault-sur-Èvre,3179.0,15732,20.207220950928047
Arsac,784.0,3873,20.24270591272915
Bas-en-Basset,905.0,4461,20.286931181349473
Villers-sur-Mer,509.0,2507,20.303151176705224
Drusenheim,1070.0,5254,20.365435858393603
Sauvagnon,706.0,3460,20.404624277456648
Champigneulles,1354.0,6633,20.413086084727876
Loctudy,813.0,3980,20.427135678391963
Bolbec,2365.0,11551,20.474417799324733
Dagneux,979.0,4765,20.54564533053515
Montfrin,647.0,3149,20.546205144490315
Plouescat,725.0,3522,20.584894946053378
Sainte-Livrade-sur-Lot,1337.0,6487,20.610451672575923
Laruscade,582.0,2821,20.630981921304503
Villelaure,680.0,3295,20.637329286798177
Gouesnach,574.0,2781,20.640057533261416
Mur-sur-Allier,685.0,3313,20.676124358587384
Frouard,1354.0,6543,20.69387131285343
Morannes sur Sarthe-Daumeray,760.0,3669,20.714091032979013
Gambsheim,1070.0,5164,20.72037180480248
Saint-Just-Saint-Rambert,3159.0,15239,20.72970667366625
Saint-Mars-d'Outillé,508.0,2450,20.73469387755102
Estaires,1349.0,6501,20.750653745577605
Vertaizon,685.0,3301,20.751287488639804
Forges-les-Eaux,779.0,3750,20.773333333333333
Picauville,676.0,3251,20.79360196862504
Avranches,2137.0,10277,20.794006032888976
Mandelieu-la-Napoule,4540.0,21772,20.852471063751608
Cruas,640.0,3069,20.853698273053112
Saint-Martin-en-Haut,805.0,3860,20.854922279792746
Sainte-Pazanne,1484.0,7111,20.86907607931374
Noé,728.0,3488,20.871559633027523
Luc-sur-Mer,677.0,3241,20.888614625115707
Saint-Nazaire,15863.0,75940,20.888859626020544
Mormant,1068.0,5104,20.924764890282134
Gex,2764.0,13177,20.975942930864385
Saint-Bonnet-de-Mure,1444.0,6876,21.000581733566026
Penne-d'Agenais,503.0,2395,21.002087682672233
Péaule,571.0,2718,21.008094186902134
Scaër,1102.0,5245,21.010486177311723
Bœrsch,511.0,2430,21.02880658436214
Palavas-les-Flots,1209.0,5748,21.03340292275574
Châtelaudren-Plouagat,832.0,3955,21.036662452591656
Ruffec,831.0,3950,21.037974683544302
Chaumes-en-Retz,1484.0,7049,21.052631578947366
Dabo,502.0,2384,21.05704697986577
Blangy-sur-Bresle,607.0,2882,21.0617626648161
Herbignac,1493.0,7088,21.063769751693002
Savigné-l'Évêque,856.0,4062,21.073362875430824
Plomeur,813.0,3855,21.089494163424124
Stiring-Wendel,2329.0,11043,21.0902834374717
Le Lion-d'Angers,1097.0,5201,21.09209767352432
Chalonnes-sur-Loire,1366.0,6475,21.096525096525095
Évellys,727.0,3446,21.096923969820082
Saint-Martin-d'Auxigny,525.0,2484,21.135265700483092
Corcoué-sur-Logne,650.0,3074,21.14508783344177
Le Boupère,680.0,3208,21.197007481296758
Néris-les-Bains,549.0,2588,21.213292117465222
Breteuil,1806.0,8513,21.21461294490779
Chabanière,896.0,4223,21.217144210277052
Saint-Sylvestre-sur-Lot,503.0,2367,21.250528094634557
Valenciennes,9083.0,42738,21.252749309747763
Lespignan,706.0,3318,21.277878239903554
La Croix-en-Touraine,513.0,2410,21.286307053941908
Gretz-Armainvilliers,1802.0,8459,21.30275446270245
Saujon,1534.0,7200,21.305555555555557
Sallebœuf,578.0,2710,21.328413284132843
Nancy,22293.0,104403,21.352834688658373
Tournan-en-Brie,1802.0,8429,21.378573970815044
Tonnay-Charente,1742.0,8142,21.39523458609678
Montréal,839.0,3912,21.44683026584867
Breteil,779.0,3632,21.448237885462554
Chavagnes-en-Paillers,770.0,3572,21.556550951847704
Labenne,1495.0,6934,21.560426882030573
Roscoff,725.0,3362,21.56454491374182
Mutzig,1316.0,6083,21.634062140391254
Lumbres,775.0,3582,21.635957565605807
Somain,2568.0,11869,21.636195130171036
Le Folgoët,701.0,3239,21.642482247607287
Verdun-sur-Garonne,1046.0,4831,21.65183191885738
Onet-le-Château,2556.0,11797,21.66652538781046
Veigné,1411.0,6511,21.671018276762403
Saint-Gervais-les-Bains,1217.0,5606,21.708883339279346
Montsûrs,693.0,3191,21.717329990598557
Nazelles-Négron,766.0,3525,21.73049645390071
Saint-Symphorien-sur-Coise,805.0,3704,21.73326133909287
Falck,548.0,2520,21.746031746031747
Pouilly-sous-Charlieu,558.0,2562,21.779859484777518
Clamecy,833.0,3822,21.794871794871796
Valdallière,1250.0,5735,21.795989537925024
Bordeaux,56648.0,259809,21.803709648241593
La Gacilly,867.0,3974,21.816809260191246
Saint-Georges-d'Espéranche,757.0,3466,21.840738603577613
Lanton,1589.0,7273,21.847930702598653
Cossé-le-Vivien,707.0,3229,21.89532362960669
Beauvoisin,1198.0,5469,21.905284329859207
Lagny-sur-Marne,4634.0,21139,21.921566772316574
Soual,576.0,2627,21.926151503616293
Thizy-les-Bourgs,1304.0,5944,21.93808882907133
Bellegarde,2012.0,9161,21.962667831022813
Frossay,709.0,3228,21.964064436183396
Arbois,712.0,3239,21.982093238653906
Le Mené,1411.0,6412,22.005614472863382
Ugine,1574.0,7135,22.060266292922215
La Mézière,1091.0,4935,22.10739614994934
Fresnay-sur-Sarthe,637.0,2871,22.187391152908393
Saint-Dolay,571.0,2570,22.217898832684824
Auneau-Bleury-Saint-Symphorien,1387.0,6230,22.263242375601926
Pleumeleuc,779.0,3499,22.263503858245212
Courpière,893.0,4005,22.29712858926342
Soufflenheim,1070.0,4796,22.31025854879066
Fumay,710.0,3181,22.320025149324113
Callian,793.0,3548,22.350620067643742
Val d'Erdre-Auxence,1097.0,4908,22.351263243683782
Sainte-Mère-Église,676.0,3021,22.37669645812645
Bapaume,840.0,3749,22.405974926647108
Le Tréport,996.0,4441,22.427381220445845
Neuville-sur-Sarthe,553.0,2461,22.47054043071922
Plobannalec-Lesconil,813.0,3615,22.4896265560166
Mougins,4540.0,20180,22.497522299306244
Locmaria-Plouzané,1152.0,5115,22.521994134897362
Mauléon,1944.0,8623,22.54435811202598
Domérat,1961.0,8698,22.54541273856059
Aigondigné,1056.0,4683,22.549647661755284
Griesheim-près-Molsheim,511.0,2266,22.550750220653136
Mourenx,1332.0,5903,22.564797560562425
Huisseau-sur-Cosson,524.0,2322,22.566752799310937
Blaye-les-Mines,661.0,2925,22.5982905982906
Saint-Quentin-la-Poterie,690.0,3049,22.630370613315844
Sainte-Hélène,1200.0,5297,22.654332641117612
Longages,728.0,3213,22.657952069716774
Noyal-Muzillac,571.0,2520,22.658730158730158
Andouillé,526.0,2321,22.662645411460577
Cinq-Mars-la-Pile,867.0,3822,22.684458398744113
Les Portes du Coglais,518.0,2283,22.689443714410864
Coulommiers,3394.0,14953,22.697786397378454
Le Molay-Littry,688.0,3030,22.706270627062704
Flers,3409.0,15012,22.70849986677325
Durtal,760.0,3343,22.73407119353874
Brazey-en-Plaine,541.0,2378,22.750210260723296
Sarre-Union,635.0,2791,22.751701898960945
Tinténiac,859.0,3774,22.760996290408055
Bourgueil,867.0,3808,22.767857142857142
Bagnols-en-Forêt,658.0,2889,22.776047075112498
Villefontaine,4305.0,18891,22.78862950611402
La Tour-du-Pin,1861.0,8148,22.839960726558665
Tourrettes,658.0,2874,22.89491997216423
Esvres,1411.0,6161,22.90212627820159
Cusset,2904.0,12677,22.907627987694248
Jard-sur-Mer,612.0,2670,22.92134831460674
Feucherolles,688.0,3001,22.925691436187936
Herrlisheim,1070.0,4666,22.931847406772395
Verneuil-en-Halatte,1088.0,4738,22.96327564373153
Altkirch,1300.0,5658,22.976316719688935
Vidauban,2921.0,12693,23.01268415662176
Gallargues-le-Montueux,828.0,3596,23.02558398220245
La Broque,601.0,2609,23.035645841318512
Port-Jérôme-sur-Seine,2365.0,10264,23.04169914263445
Septfonds,521.0,2261,23.042901371074745
Salles,2002.0,8681,23.06185923280728
Servon-sur-Vilaine,884.0,3823,23.12320167407795
Marzan,571.0,2468,23.136142625607782
Monnaie,1083.0,4678,23.15091919623771
Arc-lès-Gray,577.0,2492,23.15409309791332
Thyez,1490.0,6419,23.21233837046269
Ouzouer-sur-Loire,602.0,2593,23.21635171615889
Rieumes,850.0,3659,23.230390817163162
Moulins,4706.0,20235,23.256733382752657
Mane,538.0,2307,23.320329432162982
Saint-Pol-sur-Ternoise,1136.0,4870,23.326488706365502
Saint-Gildas-des-Bois,878.0,3761,23.344855091730924
Auterive,2467.0,10565,23.350686228111687
Cany-Barville,700.0,2997,23.35669002335669
Braine,522.0,2232,23.387096774193548
Seurre,541.0,2313,23.389537397319497
Montesquieu-Volvestre,728.0,3109,23.41588935348987
Talange,1834.0,7832,23.416751787538303
Les Martres-de-Veyre,923.0,3941,23.420451662014717
Valgelon-La Rochette,978.0,4175,23.4251497005988
Saint-Pierre-d'Albigny,978.0,4168,23.464491362763916
La Garnache,1225.0,5220,23.467432950191572
Donnemarie-Dontilly,648.0,2760,23.47826086956522
Saint-Yzan-de-Soudiac,582.0,2478,23.486682808716708
Anglet,9477.0,40310,23.51029521210618
Saint-Geniès-Bellevue,591.0,2512,23.527070063694268
Domloup,884.0,3756,23.535676251331203
Ychoux,547.0,2323,23.547137322427893
La Gaubretière,734.0,3117,23.54828360603144
Liverdun,1354.0,5749,23.551922073404068
Lésigny,1802.0,7647,23.56479665228194
Paimbœuf,709.0,3008,23.570478723404257
Avon,3209.0,13606,23.585183007496692
Véretz,1083.0,4590,23.594771241830063
Jargeau,1107.0,4688,23.61348122866894
La Voulte-sur-Rhône,1141.0,4828,23.632974316487157
Bellevigne-en-Layon,1366.0,5780,23.633217993079587
Saint-Ferréol-d'Auroure,584.0,2468,23.66288492706645
Grand Bourgtheroulde,956.0,4038,23.67508667657256
Beaumont-en-Véron,637.0,2685,23.7243947858473
Jœuf,1564.0,6583,23.75816497037825
Yerville,598.0,2515,23.777335984095426
Montarnaud,987.0,4145,23.811821471652593
Clohars-Carnoët,1102.0,4625,23.827027027027025
Selles-sur-Cher,1064.0,4459,23.861852433281005
Cabourg,838.0,3511,23.867843919111365
Brette-les-Pins,508.0,2128,23.872180451127818
Sartrouville,12364.0,51746,23.893634290573186
Sillé-le-Guillaume,525.0,2195,23.917995444191344
La Gorgue,1349.0,5640,23.918439716312058
Saint-Thurial,509.0,2128,23.919172932330827
Malansac,526.0,2198,23.930846223839854
Munster,1184.0,4947,23.933697190216293
Montmélian,978.0,4064,24.06496062992126
L'Escarène,618.0,2562,24.121779859484775
Lorris,722.0,2988,24.16331994645248
Toury,624.0,2580,24.186046511627907
Podensac,788.0,3258,24.1866175567833
Doudeville,598.0,2472,24.190938511326863
Étréchy,1773.0,7323,24.211388775092175
Sucé-sur-Erdre,1774.0,7325,24.218430034129693
Romans-sur-Isère,7949.0,32818,24.221463830824547
Nailloux,958.0,3955,24.222503160556258
Laigné-en-Belin,557.0,2297,24.249020461471485
Bourg-Achard,956.0,3939,24.27011931962427
Trieux,638.0,2620,24.35114503816794
Reyrieux,1235.0,5050,24.455445544554454
Avesnes-sur-Helpe,1017.0,4158,24.458874458874458
Ballon-Saint Mars,553.0,2260,24.469026548672566
Monsempron-Libos,503.0,2054,24.488802336903603
Mouy,1291.0,5270,24.497153700189752
Montmirail,965.0,3935,24.52350698856417
Chasseneuil-sur-Bonnieure,761.0,3100,24.548387096774192
Janville-en-Beauce,624.0,2541,24.557260920897285
Brebières,1260.0,5128,24.570982839313572
Seillans,658.0,2674,24.60732984293194
Loué,508.0,2062,24.636275460717748
Serris,2390.0,9699,24.64171564078771
Vindry-sur-Turdine,1304.0,5280,24.6969696969697
Rinxent,753.0,3048,24.70472440944882
Varennes-Vauzelles,2276.0,9195,24.752582925502992
Sedan,4055.0,16376,24.761846604787493
Épernon,1387.0,5601,24.763435100874844
Loireauxence,1866.0,7533,24.77100756670649
Arès,1589.0,6413,24.777795103695617
Moyeuvre-Grande,1821.0,7349,24.778881480473533
Bordes,906.0,3650,24.82191780821918
Cézac,707.0,2847,24.833157709870036
Pontacq,726.0,2921,24.85450188291681
Saint-Lunaire,622.0,2500,24.88
Moirans-en-Montagne,532.0,2133,24.941397093295826
Rouen,28496.0,114187,24.955555360943016
Gramat,869.0,3480,24.971264367816094
Saint-Mars-de-Coutais,650.0,2600,25.0
Haute-Goulaine,1489.0,5954,25.008397715821296
Milizac-Guipronvel,1152.0,4606,25.01085540599218
Saint-Germain-en-Coglès,518.0,2071,25.012071463061325
Clermont,2885.0,11529,25.02385289270535
Guiscriff,521.0,2081,25.036040365209033
Châtillon-sur-Chalaronne,1244.0,4968,25.0402576489533
Homécourt,1564.0,6245,25.044035228182548
Marsillargues,1602.0,6395,25.05082095387021
Hilsenheim,662.0,2638,25.094768764215313
Berric,526.0,2095,25.10739856801909
La Richardais,622.0,2476,25.121163166397416
Courthézon,1521.0,6049,25.144652008596463
Villars-les-Dombes,1244.0,4946,25.15163768701981
Veyre-Monton,923.0,3664,25.1910480349345
Houdan,930.0,3690,25.203252032520325
Capdenac-Gare,1110.0,4400,25.227272727272727
Cérans-Foulletourte,853.0,3377,25.259105715131774
Saint-Jean-de-Liversay,759.0,2997,25.325325325325327
Saint-Céré,869.0,3427,25.357455500437702
Longeville-sur-Mer,612.0,2412,25.37313432835821
Saint-Jean-Brévelay,727.0,2865,25.37521815008726
Mazamet,2527.0,9953,25.389329850296395
Cavignac,582.0,2292,25.392670157068064
Saverdun,1223.0,4815,25.399792315680163
Mouans-Sartoux,2596.0,10215,25.41360744003916
Mézidon Vallée d'Auge,2447.0,9624,25.426018287614298
Meynes,647.0,2542,25.452399685287176
Saint-Ambroix,942.0,3698,25.47322877230936
Pluvigner,1951.0,7657,25.479952984197467
Neuvic,1347.0,5282,25.501703900037864
Saint-Loup-Cammas,591.0,2315,25.52915766738661
Porte-de-Savoie,978.0,3830,25.535248041775453
La Seyne-sur-Mer,15895.0,62232,25.54152204653554
Le Thuit de l'Oison,956.0,3734,25.60257096946974
Varangéville,922.0,3600,25.61111111111111
Cagnac-les-Mines,661.0,2580,25.62015503875969
Longueil-Annel,666.0,2594,25.674633770239012
Saint-Étienne-du-Grès,640.0,2492,25.68218298555377
Plélo,832.0,3239,25.686940413707937
Douzy,561.0,2182,25.710357470210816
Bosroumois,956.0,3718,25.71274878967187
Ramonville-Saint-Agne,3788.0,14730,25.71622539035981
La Ferté-en-Ouche,779.0,3029,25.718058765269063
Cattenom,674.0,2619,25.735013363879343
Corneilla-del-Vercol,629.0,2444,25.736497545008184
Saint-Laurent-de-Mure,1444.0,5609,25.744339454448205
L'Isle-d'Abeau,4305.0,16717,25.75222827062272
Piennes,638.0,2476,25.767366720516964
Monnetier-Mornex,601.0,2332,25.771869639794172
Le Grand-Bornand,537.0,2082,25.79250720461095
Périers,579.0,2244,25.802139037433154
Aniche,2568.0,9944,25.82461786001609
La Cadière-d'Azur,1434.0,5548,25.847152126892574
Lessay,579.0,2240,25.84821428571429
Vendres,706.0,2728,25.879765395894427
Vailly-sur-Aisne,522.0,2017,25.880019831432822
Audun-le-Roman,638.0,2465,25.882352941176475
Varilhes,906.0,3495,25.92274678111588
Montussan,886.0,3412,25.96717467760844
Saint-Viaud,709.0,2730,25.970695970695974
Marnaz,1490.0,5735,25.980819529206627
Riec-sur-Bélon,1102.0,4240,25.990566037735853
Guenrouet,878.0,3378,25.991711071640022
Semblançay,562.0,2162,25.994449583718783
Aubigné-Racan,548.0,2108,25.996204933586338
Val-de-Reuil,3304.0,12702,26.01165170839238
Montdidier,1598.0,6137,26.038781163434905
Montataire,3563.0,13683,26.039611196375063
Sissonne,537.0,2062,26.04267701260912
Ferney-Voltaire,2764.0,10612,26.045985676592537
Langoiran,566.0,2172,26.058931860036832
Bouligny,638.0,2448,26.062091503267975
Peille,618.0,2369,26.08695652173913
Longueil-Sainte-Marie,522.0,2000,26.1
Maubourguet,589.0,2254,26.131322094055015
Vix,503.0,1921,26.18427902134305
Valencin,757.0,2885,26.23916811091854
Ginasservis,507.0,1930,26.26943005181347
Dammarie-les-Lys,5865.0,22318,26.279236490724976
Magny-le-Hongre,2390.0,9082,26.31578947368421
Presles,1064.0,4043,26.31709126885976
Tucquegnieux,638.0,2422,26.34186622625929
Castanet-Tolosan,3788.0,14377,26.34763858941365
Bignan,727.0,2758,26.359680928208846
Ailly-sur-Noye,733.0,2778,26.38588912886969
Seiches-sur-le-Loir,760.0,2879,26.398054880166725
Plumelin,727.0,2753,26.407555394115512
Commequiers,966.0,3657,26.41509433962264
Neuillé-Pont-Pierre,562.0,2127,26.42219087917254
Lestrem,1349.0,5104,26.430250783699062
Sandillon,1107.0,4186,26.445293836598182
Ligny-en-Barrois,1034.0,3909,26.451777948324377
Gouffern en Auge,977.0,3687,26.498508272308108
Tain-l'Hermitage,1601.0,6025,26.57261410788382
Pignans,1238.0,4658,26.57793044224989
Amplepuis,1304.0,4906,26.57969832857725
Gevrey-Chambertin,829.0,3115,26.6131621187801
Vitry-en-Artois,1260.0,4732,26.627218934911244
Remy,522.0,1960,26.632653061224488
Feuquières-en-Vimeu,657.0,2466,26.642335766423358
Corsept,709.0,2658,26.674191121143714
Angles,793.0,2972,26.68236877523553
Diémoz,757.0,2837,26.683115967571382
Saint-Aubin-d'Aubigné,1091.0,4085,26.707466340269274
Les Brouzils,770.0,2883,26.708289975719733
Maussane-les-Alpilles,640.0,2396,26.71118530884808
Campbon,1055.0,3949,26.715624208660422
Cénac,566.0,2118,26.7233238904627
Trouillas,595.0,2222,26.777677767776776
Corneilla-la-Rivière,539.0,2012,26.789264413518886
Messimy,944.0,3523,26.79534487652569
Plougonvelin,1152.0,4299,26.796929518492675
Poilly-lez-Gien,649.0,2419,26.82926829268293
Grandchamp-des-Fontaines,1774.0,6606,26.854374810778083
Fussy,525.0,1952,26.895491803278688
Mornas,659.0,2450,26.89795918367347
Doué-en-Anjou,3022.0,11224,26.924447612259446
Chalais,765.0,2836,26.974612129760228
Lillebonne,2365.0,8761,26.994635315603244
Roussillon,2634.0,9750,27.015384615384612
Cosne-d'Allier,549.0,2031,27.031019202363364
Étrépagny,1001.0,3703,27.032136105860115
Plumelec,727.0,2686,27.066269545793
Dieuze,757.0,2795,27.084078711985686
La Baconnière,526.0,1941,27.0994332818135
Pontault-Combault,10184.0,37579,27.100242156523592
Roujan,603.0,2223,27.125506072874494
Souillac,869.0,3203,27.130814861067748
Guécélard,853.0,3144,27.131043256997454
Moutiers-les-Mauxfaits,612.0,2255,27.13968957871397
Laventie,1349.0,4969,27.148319581404714
Les Avenières Veyrins-Thuellin,2112.0,7777,27.157001414427157
Monclar-de-Quercy,547.0,2014,27.159880834160877
Clohars-Fouesnant,574.0,2113,27.16516800757217
Celles-sur-Belle,1056.0,3881,27.20948209224427
Visan,525.0,1929,27.216174183514774
Anor,886.0,3254,27.228027043638598
Sérent,867.0,3172,27.332912988650694
Pézenas,2149.0,7857,27.351406389207078
Jonquières-Saint-Vincent,1043.0,3811,27.368144843872997
Banyuls-sur-Mer,1303.0,4761,27.36819995799202
Carvin,4841.0,17667,27.401369785475744
Rue,855.0,3115,27.447833065810595
Dieulouard,1294.0,4712,27.46179966044143
Jarzé Villages,760.0,2766,27.476500361532903
Tignieu-Jameyzieu,2112.0,7685,27.482108002602473
Labastide-Saint-Pierre,1046.0,3803,27.504601630291877
Grosbreuil,612.0,2225,27.50561797752809
Val de Virvée,1018.0,3701,27.506079437989733
Sainte-Jamme-sur-Sarthe,553.0,2010,27.512437810945272
Goven,1192.0,4323,27.573444367337498
Calmont,1256.0,4555,27.574094401756312
Saint-Christoly-de-Blaye,516.0,1870,27.593582887700535
Pont-de-Vaux,606.0,2195,27.608200455580867
Divonne-les-Bains,2764.0,9999,27.642764276427645
Château-Arnoux-Saint-Auban,1401.0,5063,27.671341102113374
Margaux-Cantenac,784.0,2832,27.683615819209038
Cadillac-sur-Garonne,788.0,2846,27.687983134223472
Héric,1774.0,6407,27.688465740596225
Loir en Vallée,587.0,2120,27.68867924528302
Rieux-Volvestre,728.0,2627,27.71221926151504
Bucy-le-Long,522.0,1883,27.72172065852363
Châbons,598.0,2157,27.723690310616593
Bray-sur-Seine,648.0,2337,27.72785622593068
Frangy,568.0,2047,27.747923790913532
Bérat,850.0,3063,27.750571335292197
Plouvien,1069.0,3851,27.759023630225915
Montlebon,608.0,2190,27.762557077625573
Cordemais,1055.0,3800,27.76315789473684
Saint-Gervais-en-Belin,557.0,2004,27.79441117764471
Plomodiern,625.0,2245,27.839643652561247
Izeaux,598.0,2148,27.839851024208567
Saint-Germain-en-Laye,12364.0,44410,27.84057644674623
Bazouges-la-Pérouse,518.0,1860,27.8494623655914
Wormhout,1590.0,5709,27.850761954808195
Créances,579.0,2078,27.863330125120306
Blénod-lès-Pont-à-Mousson,1294.0,4642,27.875915553640674
Pompey,1354.0,4857,27.877290508544366
Aubin,1089.0,3904,27.894467213114755
Les Aix-d'Angillon,525.0,1881,27.91068580542265
Voreppe,2657.0,9514,27.927265083035525
Lucé,4337.0,15525,27.935587761674718
Réalville,521.0,1865,27.935656836461124
Lagardelle-sur-Lèze,903.0,3231,27.948003714020427
Ambon,571.0,2042,27.962781586679725
Confolens,761.0,2720,27.977941176470587
Saint-Michel-Chef-Chef,1484.0,5297,28.015858032848783
Vigneux-de-Bretagne,1774.0,6328,28.034134007585337
Nogent-sur-Vernisson,722.0,2575,28.03883495145631
Renazé,707.0,2521,28.04442681475605
Aubais,828.0,2952,28.04878048780488
Puget-Ville,1238.0,4409,28.078929462463144
Ancerville,820.0,2920,28.08219178082192
Rochemaure,640.0,2278,28.094820017559265
Martigné-Ferchaud,732.0,2604,28.110599078341014
Villemandeur,1924.0,6835,28.149231894659838
Sauve,533.0,1893,28.156365557316427
Salins-les-Bains,712.0,2528,28.164556962025316
Lavardac,642.0,2278,28.182616330114136
Schirmeck,601.0,2132,28.189493433395874
Ottange,882.0,3127,28.20594819315638
Saint-Briac-sur-Mer,622.0,2205,28.208616780045354
Lecci,533.0,1889,28.21598729486501
Saint-Just-Chaleyssin,757.0,2682,28.22520507084266
Marange-Silvange,1821.0,6446,28.25007756748371
Le Bignon,1110.0,3927,28.265851795263558
Égreville,608.0,2151,28.26592282659228
Benfeld,1646.0,5820,28.281786941580755
Coullons,649.0,2293,28.30353249018753
Carentoir,867.0,3062,28.314826910516
Saint-Pair-sur-Mer,1162.0,4103,28.320740921277114
La Brède,1265.0,4461,28.356870656803405
Le Mée-sur-Seine,5865.0,20677,28.364849833147943
Gonfaron,1238.0,4352,28.44669117647059
Conlie,525.0,1845,28.455284552845526
Bornel,1361.0,4774,28.50858818600754
Paimpont,509.0,1784,28.53139013452915
Berson,516.0,1808,28.539823008849556
Biache-Saint-Vaast,1260.0,4413,28.552005438477224
Piré-Chancé,884.0,3096,28.552971576227392
Plouénan,725.0,2539,28.554549035053174
Esternay,519.0,1817,28.56356631810677
Le Cannet-des-Maures,1238.0,4325,28.624277456647402
Culoz-Béon,856.0,2987,28.657515902243052
Béligneux,979.0,3414,28.676039835969537
Remoulins,647.0,2255,28.69179600886918
Sémalens,576.0,2006,28.713858424725824
Brech,1951.0,6792,28.72497055359246
Trappes,9603.0,33419,28.73515066279661
Vallons-de-l'Erdre,1866.0,6485,28.774094063222822
Vernet,903.0,3138,28.776290630975144
Nesle,666.0,2314,28.78133102852204
Civray-de-Touraine,513.0,1782,28.78787878787879
Chevannes,1215.0,4217,28.811951624377517
Cherré-Au,786.0,2723,28.865222181417554
Noues de Sienne,1250.0,4326,28.895053166897828
Les Abrets en Dauphiné,1861.0,6439,28.902003416679612
Oraison,1711.0,5920,28.902027027027028
Saint-Pierre-du-Mont,2883.0,9970,28.916750250752255
Coëx,966.0,3339,28.930817610062892
Grandfresnoy,522.0,1804,28.93569844789357
Wisches,601.0,2077,28.935965334617237
Montrichard Val de Cher,1064.0,3675,28.952380952380953
Saint-Georges-de-Reneins,1275.0,4403,28.957528957528954
Saint-Pavace,553.0,1909,28.96804609743321
Théza,629.0,2170,28.986175115207374
Connerré,856.0,2953,28.987470369116153
Pont-l'Évêque,1586.0,5469,28.999817151215947
Sainte-Cécile,771.0,2657,29.017689123071133
Portets,788.0,2713,29.045337265020272
Val d'Arry,697.0,2399,29.05377240516882
Bernières-sur-Mer,677.0,2330,29.055793991416305
Vald'Yerre,1041.0,3580,29.07821229050279
Hyères,15895.0,54615,29.103726082578046
Caumont-sur-Aure,697.0,2394,29.114452798663326
La Ferté Macé,1496.0,5138,29.116387699493966
Viviers-lès-Montagnes,576.0,1976,29.1497975708502
Flixecourt,948.0,3249,29.17820867959372
Lanester,6695.0,22940,29.184829991281603
Branges,686.0,2350,29.19148936170213
Fay-aux-Loges,1107.0,3792,29.193037974683545
Volmerange-les-Mines,674.0,2308,29.20277296360485
Trie-Château,559.0,1914,29.205851619644722
Crossac,878.0,3003,29.237429237429236
Saint-Clément-de-Rivière,1476.0,5048,29.239302694136292
Saint-Georges-de-Didonne,1534.0,5246,29.241326725123905
Chaulnes,584.0,1997,29.24386579869805
Riorges,3194.0,10917,29.257121919941376
Saint-Claude-de-Diray,524.0,1789,29.290106204583566
Arpajon-sur-Cère,1850.0,6313,29.304609535878345
Mézériat,646.0,2204,29.310344827586203
La Boisse,979.0,3335,29.355322338830586
Plouarzel,1152.0,3924,29.357798165137616
Canet,1578.0,5372,29.374534623976174
Châteauneuf-de-Gadagne,993.0,3379,29.38739271973957
Sérézin-du-Rhône,854.0,2906,29.387474191328288
Sagy,686.0,2334,29.391602399314483
Denain,6002.0,20415,29.399951016409503
Montfort-le-Gesnois,856.0,2906,29.456297315898144
Solesmes,1614.0,5478,29.46330777656079
Les Epesses,868.0,2941,29.513770826249576
Frénouville,585.0,1981,29.530540131246845
Bischwiller,3729.0,12606,29.581151832460733
Landéda,1069.0,3613,29.587600332133963
Guignen,1192.0,4027,29.6001986590514
Malville,1055.0,3564,29.601571268237937
Villeneuve-en-Retz,1484.0,5013,29.603032116497108
Les Garennes sur Loire,1366.0,4614,29.605548331166016
Sainte-Anne-sur-Brivet,878.0,2964,29.622132253711204
Revel,3249.0,10966,29.627940908261902
Mouchamps,868.0,2923,29.69551830311324
Rouffiac-Tolosan,591.0,1989,29.71342383107089
Fontaine-Étoupefour,797.0,2682,29.71662938105891
Spay,853.0,2863,29.79392245895913
Paradou,640.0,2145,29.836829836829835
Noves,1739.0,5827,29.843830444482585
Lens,9696.0,32458,29.872450551481915
Grillon,525.0,1757,29.880478087649404
Vourles,1017.0,3402,29.894179894179896
Damgan,571.0,1908,29.926624737945495
Rabastens,1721.0,5748,29.940848990953373
Gilley,538.0,1796,29.955456570155903
Val-de-Meuse,546.0,1819,30.016492578339747
Saint-Jean-d'Assé,553.0,1842,30.021715526601522
Saint-Aunès,1209.0,4026,30.029806259314455
Saint-Benoît-sur-Loire,602.0,2004,30.039920159680637
Saint-Lyphard,1493.0,4962,30.088673921805725
Geneston,1110.0,3688,30.09761388286334
Maureilhan,706.0,2342,30.145175064047823
Montigny-le-Bretonneux,9603.0,31854,30.14692032397815
Bourg-Blanc,1069.0,3545,30.155148095909734
Monein,1332.0,4417,30.156214625311296
Quinsac,784.0,2599,30.165448249326666
Saint-Mathieu-de-Tréviers,1476.0,4893,30.16554261189454
Plaisance,674.0,2234,30.170098478066247
Montardon,706.0,2340,30.17094017094017
Guilvinec,813.0,2693,30.189379873746752
Les Landes-Genusson,734.0,2431,30.193336075689015
Val d'Anast,1192.0,3943,30.230788739538422
Labastide-Saint-Sernin,591.0,1954,30.24564994882293
Annet-sur-Marne,1001.0,3305,30.287443267776098
Fressenneville,657.0,2168,30.304428044280442
Beauzac,905.0,2986,30.30810448760884
Richelieu,501.0,1653,30.30852994555354
Thurins,944.0,3111,30.34394085503054
Prinquiau,1055.0,3476,30.350978135788264
Montbizot,553.0,1821,30.367929708951124
Saint-Omer,4550.0,14971,30.392091376661547
Santec,725.0,2385,30.398322851153043
Lille,71863.0,236234,30.42026126637148
Chaingy,1213.0,3987,30.42387760220717
Amancy,842.0,2767,30.43006866642573
Mèze,3772.0,12385,30.45619701251514
Le Grand-Lucé,587.0,1927,30.46185781006746
Epfig,687.0,2255,30.46563192904656
La Haye,1358.0,4457,30.468925286066863
Langonnet,521.0,1708,30.503512880562063
Cintegabelle,903.0,2959,30.51706657654613
Henrichemont,525.0,1720,30.523255813953487
Guignes,1326.0,4344,30.52486187845304
Vaucouleurs,589.0,1929,30.533955417314672
La Côte-Saint-André,1471.0,4817,30.537679053352708
La Turballe,1493.0,4889,30.53794231949274
Chouzé-sur-Loire,637.0,2085,30.551558752997604
Les Andelys,2462.0,8055,30.564866542520175
Montrond-les-Bains,1665.0,5444,30.584129316678915
Chazelles-sur-Lyon,1665.0,5436,30.629139072847682
Montbazon,1411.0,4602,30.660582355497613
Grimaud,1413.0,4607,30.670718471890602
Berstett,756.0,2462,30.706742485783916
Envermeu,612.0,1993,30.707476166583042
Plouvorn,886.0,2879,30.774574505036473
Saint-Mesmin,950.0,3084,30.804150453955902
Charmes-sur-Rhône,938.0,3044,30.814717477003946
Allex,767.0,2488,30.827974276527332
Dambach-la-Ville,687.0,2228,30.83482944344704
Coulans-sur-Gée,508.0,1647,30.84395871281117
Le Muy,2921.0,9468,30.851288550908322
Prévessin-Moëns,2764.0,8948,30.889584264640142
Le Quesnoy,1503.0,4863,30.90684762492289
Montoire-sur-le-Loir,1143.0,3698,30.90859924283396
Langon,2701.0,8738,30.910963607232777
Pont-Salomon,584.0,1889,30.91582848067761
Aumale,607.0,1963,30.922058074375958
Vervins,804.0,2600,30.923076923076927
Le Châtelet-en-Brie,1326.0,4282,30.96683792620271
Yvrac,886.0,2860,30.979020979020977
Chauché,770.0,2485,30.985915492957744
Déols,2374.0,7659,30.996213604909258
Marcheprime,1589.0,5123,31.016982236970524
Viviers,1210.0,3899,31.033598358553476
Plaisir,9603.0,30897,31.08068744538305
Gaillan-en-Médoc,732.0,2355,31.0828025477707
Jouars-Pontchartrain,1804.0,5803,31.087368602447008
Manziat,606.0,1948,31.108829568788497
Talensac,779.0,2503,31.122652816620054
La Verdière,507.0,1628,31.142506142506143
Yvré-le-Pôlin,548.0,1759,31.15406480955088
Pinon,520.0,1668,31.17505995203837
Mesnil-en-Ouche,1398.0,4484,31.17752007136485
Perros-Guirec,2229.0,7149,31.179185900125894
Laudun-l'Ardoise,1975.0,6327,31.215425952268056
Mauron,992.0,3176,31.234256926952142
La Rivière-Saint-Sauveur,798.0,2551,31.28185025480204
Saint-Pierre-de-Chandieu,1444.0,4616,31.28249566724437
Le Cateau-Cambrésis,2195.0,7016,31.285632839224633
Mansle-les-Fontaines,526.0,1681,31.290898274836408
Wignehies,886.0,2830,31.307420494699645
Pleine-Fougères,618.0,1971,31.35464231354642
Meximieux,2510.0,7998,31.38284571142786
Saint-Erme-Outre-et-Ramecourt,537.0,1711,31.385154880187027
Charnay-lès-Mâcon,2494.0,7925,31.47003154574132
Lorgues,2921.0,9280,31.476293103448278
La Clusaz,537.0,1706,31.477139507620166
Plouguernével,507.0,1610,31.490683229813666
Neuvecelle,1002.0,3181,31.499528450172903
Beauvoir-sur-Mer,1225.0,3887,31.515307435039873
Paimpol,2252.0,7142,31.531783814057686
Rocroi,715.0,2266,31.55339805825243
Plounévez-Lochrist,725.0,2297,31.562908141053548
Mazan,1969.0,6235,31.579791499599036
Neyron,820.0,2596,31.587057010785824
Saint-Jean-de-Bournay,1471.0,4655,31.600429645542427
Peymeinade,2596.0,8211,31.61612471075387
Saint-Martin-de-Fontenay,797.0,2519,31.63953949980151
Châtel-Guyon,1988.0,6283,31.640935858666243
Guingamp,2252.0,7115,31.651440618411808
Fonsorbes,3837.0,12119,31.661028137635117
Audincourt,4288.0,13542,31.664451336582484
Beaulon,516.0,1628,31.695331695331696
La Haie-Fouassière,1489.0,4694,31.72134639965914
Fontaine-la-Guyon,539.0,1699,31.724543849323133
Saint-Mars-la-Brière,856.0,2698,31.72720533728688
Lutzelhouse,601.0,1893,31.748547279450605
Saint-Sulpice-sur-Lèze,728.0,2293,31.74880069777584
Le Nouvion-en-Thiérache,804.0,2531,31.766100355590677
Teyran,1476.0,4640,31.810344827586206
Saint-Antoine-du-Rocher,562.0,1766,31.8233295583239
Randan,515.0,1618,31.829419035846723
Le Péage-de-Roussillon,2054.0,6444,31.87461204220981
Brou,1041.0,3265,31.883614088820828
Crevin,905.0,2838,31.88865398167724
Taulignan,525.0,1645,31.914893617021278
Pagny-sur-Moselle,1294.0,4053,31.92696767826301
Vals-les-Bains,1117.0,3495,31.95994277539342
Beaucroissant,598.0,1871,31.961517904863708
Huningue,2331.0,7283,32.00604146642867
Wittisheim,662.0,2067,32.0270924044509
Saint-Maurice-l'Exil,2054.0,6413,32.028691719943865
Fresnoy-le-Grand,944.0,2946,32.043448744059745
Saint-Benoît-de-Carmaux,661.0,2058,32.118561710398446
Le Cailar,793.0,2467,32.14430482367248
Cauffry,847.0,2634,32.15641609719058
Arlanc,580.0,1803,32.16860787576262
Mondelange,1834.0,5701,32.16979477284687
Beaumont-sur-Sarthe,637.0,1979,32.18797372410308
Robion,1509.0,4688,32.18856655290102
Plessé,1695.0,5265,32.193732193732195
Liévin,9696.0,30102,32.21048435319912
Doubs,1043.0,3235,32.24111282843895
Beaumont-Louestault,562.0,1742,32.26176808266361
Saint-Marc-le-Blanc,518.0,1605,32.27414330218068
Trélon,886.0,2744,32.288629737609334
Sainte-Feyre,805.0,2493,32.29041315683915
Loperhet,1270.0,3931,32.30730094123633
Rosières-aux-Salines,922.0,2851,32.33952998947738
Guémené-Penfao,1695.0,5239,32.35350257682764
Saint-Colomban,1110.0,3428,32.380396732788796
Pluneret,1951.0,6023,32.392495434169014
Beaune-la-Rolande,650.0,2006,32.40279162512463
Plouigneau,1647.0,5082,32.40850059031877
Molac,526.0,1622,32.42909987669544
Paulx,650.0,2004,32.43512974051897
Briennon,558.0,1719,32.460732984293195
Saint-Épain,501.0,1543,32.469215813350615
Fleury-sur-Andelle,593.0,1826,32.47535596933187
Coye-la-Forêt,1291.0,3972,32.502517623363545
L'Hôpital,1692.0,5205,32.50720461095101
Bédarrides,1742.0,5358,32.512131392310565
Crolles,2665.0,8193,32.52776760649335
Menetou-Salon,525.0,1614,32.52788104089219
Ailly-sur-Somme,948.0,2914,32.532601235415235
Orval,568.0,1745,32.550143266475644
Pléchâtel,905.0,2780,32.55395683453237
Montpezat-de-Quercy,521.0,1600,32.5625
Saint-Nicolas-du-Pélem,507.0,1555,32.60450160771704
Melgven,1116.0,3422,32.6125073056692
Port-Vendres,1303.0,3995,32.61576971214018
Anneyron,1343.0,4117,32.62084041777994
Pégomas,2596.0,7956,32.629462041226745
Monthermé,715.0,2191,32.633500684618895
Bouxières-aux-Dames,1354.0,4147,32.650108512177475
Puy-Guillaume,893.0,2735,32.65082266910421
Sarrians,1969.0,6030,32.65339966832504
Saint-Vigor-le-Grand,827.0,2529,32.700672202451564
Montville,1505.0,4593,32.76725451774439
Bailly-Romainvilliers,2390.0,7288,32.793633369923164
Blonville-sur-Mer,509.0,1552,32.79639175257732
Chevry-Cossigny,1286.0,3920,32.80612244897959
Guyancourt,9603.0,29269,32.80945710478663
Krautergersheim,567.0,1728,32.8125
Bellerive-sur-Allier,2904.0,8844,32.83582089552239
Château-Salins,757.0,2304,32.85590277777778
Venerque,903.0,2747,32.8722242446305
Vouvray,1083.0,3294,32.87795992714025
Gaillard,3404.0,10350,32.88888888888889
Châtillon-sur-Thouet,879.0,2671,32.90902283788843
Pollionnay,944.0,2868,32.91492329149233
Saint-Nizier-sous-Charlieu,558.0,1695,32.92035398230089
Ottrott,511.0,1552,32.925257731958766
Perriers-sur-Andelle,593.0,1801,32.92615213770127
Roëzé-sur-Sarthe,853.0,2589,32.94708381614523
Aigre,526.0,1595,32.97805642633229
Coutras,2846.0,8623,33.004754725733505
Grignan,525.0,1590,33.0188679245283
Rémilly,713.0,2159,33.02454840203798
L'Île-Bouchard,501.0,1517,33.02570863546473
Coarraze,716.0,2168,33.025830258302584
La Chapelle-Launay,1055.0,3194,33.03068252974327
Villedoux,759.0,2297,33.04309969525468
Le Champ-Saint-Père,612.0,1852,33.04535637149028
Montévrain,4634.0,14017,33.05985588927731
La Bruffière,1347.0,4074,33.06332842415316
Cissac-Médoc,732.0,2213,33.07727067329417
Losne,541.0,1635,33.08868501529052
Ternay,1997.0,6031,33.112253357652136
Gignac,2436.0,7356,33.115823817292004
Bertrange,930.0,2808,33.11965811965812
Brûlon,508.0,1533,33.13763861709067
Orgelet,532.0,1604,33.16708229426434
Quelaines-Saint-Gault,707.0,2131,33.176912247771
Cussac-Fort-Médoc,784.0,2363,33.1781633516716
Champenoux,507.0,1528,33.18062827225131
Orcet,923.0,2781,33.189500179791445
Caden,526.0,1580,33.291139240506325
Les Lucs-sur-Boulogne,1192.0,3580,33.29608938547486
Saint-Vallier,4264.0,12796,33.32291341044076
Rantigny,847.0,2540,33.346456692913385
Chaligny,935.0,2803,33.35711737424189
La Plaine-sur-Mer,1484.0,4448,33.36330935251798
Mellac,1102.0,3303,33.36360884044808
Descartes,1112.0,3331,33.38336835785049
Saint-Pierre-en-Auge,2447.0,7325,33.406143344709896
Abeilhan,603.0,1805,33.40720221606649
Brionne,1398.0,4184,33.413001912045885
Villefranche-sur-Cher,887.0,2647,33.509633547412164
Verneuil-l'Étang,1068.0,3186,33.52165725047081
Dinéault,625.0,1864,33.53004291845493
Elliant,1116.0,3328,33.53365384615385
Villeneuve-Loubet,5476.0,16329,33.535427766550306
Pontvallain,548.0,1634,33.53733170134639
Bréhal,1162.0,3463,33.55472133987872
Cernay,4119.0,12275,33.55600814663951
Aniane,987.0,2939,33.58285130996938
Kerlouan,701.0,2087,33.58888356492573
Arzal,571.0,1699,33.60800470865215
Saint-Sauveur-Villages,1168.0,3474,33.62118595279217
Saint-Ay,1213.0,3607,33.6290546160244
Pontpoint,1088.0,3235,33.63214837712519
Saint-Domineuc,859.0,2553,33.6466901684293
Bretteville-sur-Laize,644.0,1912,33.68200836820084
Hautmont,4823.0,14318,33.68487218885319
Thoissey,561.0,1664,33.71394230769231
Gleizé,2527.0,7495,33.715810540360245
Cubnezais,582.0,1726,33.719582850521434
Berné,521.0,1545,33.72168284789644
Treffiagat,813.0,2410,33.7344398340249
Saint-Yvi,1116.0,3308,33.736396614268436
Saint-Saëns,785.0,2326,33.748925193465176
Bailleau-le-Pin,539.0,1597,33.75078271759549
Aubord,793.0,2347,33.78781423093311
Aubignan,1969.0,5825,33.80257510729614
Saint-Éloy-de-Gy,525.0,1553,33.80553766902769
Seyssel,1136.0,3359,33.8195891634415
Irodouër,766.0,2263,33.848873177198406
Derval,1191.0,3511,33.92195955568214
Frévent,1136.0,3348,33.930704898446834
Laurens,603.0,1776,33.9527027027027
Taluyers,896.0,2637,33.97800530906333
Saint-Paterne-Racan,562.0,1650,34.060606060606055
Puget-sur-Argens,2748.0,8061,34.09006326758467
Valleiry,1673.0,4907,34.0941512125535
Chagny,1942.0,5695,34.10008779631256
Figari,533.0,1559,34.18858242463118
Volgelsheim,921.0,2691,34.225195094760316
Codognan,828.0,2419,34.22902025630426
Val d'Oingt,1423.0,4157,34.23141688717825
Sotta,533.0,1556,34.25449871465296
Tullins,2657.0,7755,34.26176660219213
Chazay-d'Azergues,1423.0,4153,34.26438718998314
Montbert,1110.0,3238,34.280420012353304
Grièges,646.0,1884,34.288747346072185
Monts,2772.0,8080,34.30693069306931
Lourdes,4548.0,13247,34.3323016532045
Vasselay,525.0,1528,34.3586387434555
Touvois,650.0,1890,34.39153439153439
Valambray,585.0,1700,34.411764705882355
Pusignan,1444.0,4190,34.463007159904535
Échenoz-la-Méline,1115.0,3235,34.46676970633694
Baccarat,1435.0,4160,34.49519230769231
Ressons-sur-Matz,589.0,1707,34.50497949619215
Herbitzheim,635.0,1840,34.51086956521739
Carnoules,1238.0,3587,34.51352104822972
Marigné-Laillé,557.0,1613,34.53192808431494
Flassans-sur-Issole,1238.0,3582,34.56169737576772
Terranjou,1366.0,3950,34.58227848101266
Maël-Carhaix,507.0,1466,34.58390177353343
Uckange,2404.0,6951,34.58495180549561
Sailly-sur-la-Lys,1349.0,3900,34.58974358974359
Bray-Saint-Aignan,602.0,1740,34.59770114942528
Pluherlin,526.0,1520,34.60526315789474
Boulazac Isle Manoire,3716.0,10738,34.60607189420749
Sierck-les-Bains,615.0,1776,34.62837837837838
Cambronne-lès-Ribécourt,666.0,1920,34.6875
Beychac-et-Caillau,886.0,2554,34.69068128425998
Dadonville,834.0,2404,34.69217970049917
Grandvilliers,969.0,2793,34.69387755102041
Maxent,509.0,1467,34.69665985003408
Charolles,989.0,2849,34.71393471393471
Baguer-Pican,618.0,1779,34.73861720067454
Murat,725.0,2087,34.73885960709152
Langrune-sur-Mer,677.0,1948,34.75359342915811
Nogent-le-Roi,1387.0,3990,34.76190476190476
Labastide-Saint-Georges,676.0,1944,34.77366255144033
Lagnieu,2510.0,7214,34.79345716662046
Coudekerque-Branche,7223.0,20708,34.880239520958085
Malestroit,867.0,2483,34.91743858236005
Marolles-les-Braults,720.0,2061,34.93449781659388
Plonévez-Porzay,625.0,1787,34.97481813094572
Bort-les-Orgues,908.0,2595,34.99036608863199
Cléry-Saint-André,1213.0,3466,34.99711482977496
Grande-Synthe,7223.0,20635,35.00363460140538
Moussac,690.0,1971,35.0076103500761
Rohrbach-lès-Bitche,807.0,2305,35.01084598698482
Saint-Étienne-sur-Chalaronne,561.0,1602,35.0187265917603
Issenheim,1208.0,3449,35.02464482458684
Guiclan,886.0,2529,35.0336101225781
Plérin,5069.0,14459,35.0577494985822
Azay-sur-Cher,1083.0,3089,35.05988993201684
Nueil-les-Aubiers,1944.0,5541,35.08391987005955
Terville,2571.0,7328,35.084606986899566
La Ferté-sous-Jouarre,3394.0,9672,35.090984284532674
Cheval-Blanc,1509.0,4300,35.093023255813954
Outreau,4631.0,13178,35.14190317195325
Orliénas,896.0,2549,35.15103962338172
Pornichet,4159.0,11828,35.16232668244842
Brue-Auriac,507.0,1440,35.208333333333336
Neuvéglise-sur-Truyère,606.0,1720,35.23255813953489
Fleurines,650.0,1844,35.24945770065076
Écrouves,1572.0,4454,35.294117647058826
Beauce la Romaine,1213.0,3436,35.30267753201397
Martres-Tolosane,850.0,2407,35.31366846697133
Villevieille,647.0,1832,35.31659388646288
Guissény,701.0,1983,35.35047907211296
Assat,716.0,2025,35.358024691358025
Francheleins,561.0,1586,35.37200504413619
Athis-Val de Rouvre,1496.0,4224,35.41666666666667
Behren-lès-Forbach,2329.0,6571,35.4436158879927
Saint-Urbain,1270.0,3583,35.44515768908736
Moirans,2657.0,7495,35.45030020013342
Saint-Cyr-sur-Menthon,646.0,1822,35.455543358946215
La Tremblade,1534.0,4326,35.460009246417016
Contamine-sur-Arve,800.0,2256,35.46099290780142
Pradines,1608.0,4530,35.496688741721854
Mansigné,548.0,1541,35.561323815704085
Harbonnières,584.0,1642,35.56638246041413
Tavernes,507.0,1425,35.578947368421055
Gennes-Val-de-Loire,3022.0,8480,35.63679245283019
Thierville-sur-Meuse,1129.0,3167,35.64887906536154
Sainte-Foy,1226.0,3439,35.64989822622856
Thomery,1219.0,3419,35.65369991225504
Val d'Oust,992.0,2782,35.65780014378145
Les Bois d'Anjou,918.0,2574,35.66433566433567
Saint-Florent,763.0,2139,35.670874240299206
Villers-Bocage,1635.0,4582,35.68310781318202
La Vraie-Croix,526.0,1473,35.709436524100475
Boulange,882.0,2469,35.722964763061974
Lunel-Viel,1602.0,4484,35.727029438001786
Lédignan,533.0,1491,35.7478202548625
Saint-Mammès,1219.0,3404,35.810810810810814
Graveson,1739.0,4854,35.82612278533169
Euville,589.0,1644,35.82725060827251
Bourg-des-Comptes,1192.0,3327,35.828073339344755
Asson,716.0,1998,35.83583583583583
Saint-Mariens,582.0,1619,35.948116121062384
Ayse,800.0,2225,35.95505617977528
Prigonrieux,1519.0,4223,35.969689793985324
Saint-Geniès-de-Fontedit,603.0,1676,35.97852028639618
Luché-Pringé,548.0,1523,35.981615233092576
Landiras,788.0,2190,35.981735159817354
Crouy-sur-Ourcq,655.0,1820,35.989010989010985
Porte des Pierres Dorées,1423.0,3951,36.01619843077702
Ittenheim,756.0,2098,36.03431839847474
Sundhouse,662.0,1837,36.03701687534023
Gouville-sur-Mer,1168.0,3241,36.03825979635915
Montmarault,549.0,1523,36.04727511490479
Crottet,646.0,1792,36.049107142857146
Bouxières-aux-Chênes,507.0,1406,36.059743954480794
Rety,753.0,2087,36.080498322951605
La Ville-Dieu-du-Temple,1133.0,3140,36.0828025477707
Ploemeur,6695.0,18537,36.11695527863192
Toulenne,1006.0,2779,36.20007196833394
Dozulé,838.0,2314,36.21434745030251
Le Chesnay-Rocquencourt,11249.0,31057,36.22049779437808
Meslan,521.0,1438,36.230876216968014
Vers-Pont-du-Gard,647.0,1785,36.246498599439775
Pontcharra,2665.0,7349,36.263437202340455
Saint-Selve,1265.0,3488,36.267201834862384
Mantes-la-Jolie,15943.0,43945,36.2794402093526
Preignac,788.0,2172,36.279926335174956
Le Croisic,1493.0,4114,36.29071463296062
Baguer-Morvan,618.0,1702,36.310223266745005
Void-Vacon,589.0,1621,36.33559531153609
Vétraz-Monthoux,3404.0,9360,36.36752136752136
Villard-Bonnot,2665.0,7324,36.38722009830694
Plounéour-Brignogan-plages,701.0,1926,36.39667705088266
Sainte-Reine-de-Bretagne,878.0,2408,36.46179401993355
Frignicourt,652.0,1787,36.485730274202574
Sains-du-Nord,1017.0,2787,36.490850376749194
Arthaz-Pont-Notre-Dame,601.0,1646,36.5127582017011
Plourin-lès-Morlaix,1647.0,4510,36.51884700665188
Quettreville-sur-Sienne,1168.0,3195,36.557120500782474
Saint-Denis-de-l'Hôtel,1107.0,3028,36.55878467635403
Colombe,598.0,1635,36.57492354740061
Vireux-Wallerand,710.0,1940,36.597938144329895
Biarritz,9477.0,25885,36.611937415491596
Rozay-en-Brie,1035.0,2826,36.624203821656046
Orchamps-Vennes,792.0,2161,36.64969921332716
Saint-Jean-de-Sixt,537.0,1465,36.655290102389074
Lisle-sur-Tarn,1721.0,4693,36.67163861069678
Cépet,816.0,2224,36.69064748201439
Biesheim,921.0,2510,36.69322709163347
Bénéjacq,716.0,1951,36.699128651973346
Aigrefeuille-sur-Maine,1489.0,4057,36.70199654917427
Aurseulles,697.0,1899,36.703528172722486
Saint-Just-Sauvage,519.0,1414,36.7043847241867
Aydat,923.0,2511,36.758263639984065
Saint-Denis-de-Gastines,526.0,1429,36.80895731280616
Peillonnex,505.0,1371,36.83442742523705
Longuenesse,3906.0,10600,36.84905660377358
Saint-Georges-sur-Loire,1366.0,3706,36.859147328656235
Grand-Fougeray,905.0,2455,36.86354378818738
Nangy,601.0,1629,36.89379987722529
Cérons,788.0,2133,36.94327238631036
Saint-André-de-Corcy,1244.0,3366,36.957813428401664
Marçay,637.0,1723,36.970400464306444
Esbly,2390.0,6464,36.974009900990104
Eygalières,640.0,1730,36.99421965317919
Francueil,513.0,1386,37.01298701298701
Juvigné,526.0,1421,37.01618578465869
Vias,2149.0,5804,37.026188835286014
Congis-sur-Thérouanne,655.0,1769,37.02656868287168
Saint-Hilaire-du-Harcouët,2137.0,5769,37.04281504593517
Daux,904.0,2440,37.049180327868854
Brumath,3729.0,10061,37.06391014809661
Cugand,1347.0,3633,37.07679603633361
Le Pouliguen,1493.0,4024,37.10238568588469
Gargas,1396.0,3761,37.11778782238767
Rebais,853.0,2298,37.119234116623154
Élancourt,9603.0,25857,37.13887922032718
Martillac,1265.0,3406,37.14034057545508
Blausasc,618.0,1663,37.161755862898374
Dingy-Saint-Clair,537.0,1445,37.16262975778547
Saint-Paul-en-Forêt,658.0,1770,37.175141242937855
Houilles,12364.0,33250,37.18496240601504
Bailleul,5911.0,15891,37.1971556226795
Petite-Rosselle,2329.0,6257,37.22231101166693
Aumetz,882.0,2368,37.24662162162162
Merten,548.0,1471,37.25356900067981
Clairvaux-les-Lacs,532.0,1427,37.281009110021024
Saint-Donat-sur-l'Herbasse,1601.0,4294,37.284583139264086
Lasseube,651.0,1746,37.2852233676976
Maignelay-Montigny,976.0,2616,37.308868501529055
Loretz-d'Argenton,974.0,2609,37.33231123035646
Saint-Folquin,866.0,2318,37.359792924935284
La Croix-Valmer,1413.0,3780,37.38095238095238
Belleville-sur-Meuse,1129.0,3020,37.384105960264904
Laize-Clinchamps,797.0,2130,37.417840375586856
Buros,726.0,1940,37.422680412371136
Gièvres,887.0,2367,37.47359526827208
Saint-Amand-les-Eaux,6002.0,15997,37.519534912796146
Glomel,507.0,1350,37.55555555555555
Cuiseaux,686.0,1825,37.589041095890416
Plateau d'Hauteville,1814.0,4824,37.60364842454395
Hédé-Bazouges,859.0,2283,37.62593079281647
Brouilla,595.0,1580,37.65822784810127
Ambleteuse,753.0,1998,37.687687687687685
Ville-la-Grand,3404.0,9031,37.69239286900675
Orgerus,930.0,2467,37.69760843129307
Saint-Étienne-de-Mer-Morte,650.0,1724,37.7030162412993
Saucats,1265.0,3355,37.704918032786885
Eppeville,666.0,1766,37.712344280860705
Donville-les-Bains,1162.0,3081,37.71502758844531
Guéreins,561.0,1487,37.72696704774714
Folembray,520.0,1377,37.76325344952796
Reignac,889.0,2354,37.76550552251487
Saint-Ismier,2665.0,7046,37.82287822878229
Signy-l'Abbaye,511.0,1351,37.82383419689119
Chandon,558.0,1475,37.83050847457627
La Tour-du-Crieu,1223.0,3232,37.84034653465346
Saint-Gatien-des-Bois,509.0,1345,37.84386617100372
Plémet,1411.0,3728,37.848712446351925
Saint-Cosme-en-Vairais,720.0,1902,37.85488958990536
Rédené,1102.0,2911,37.856406733081414
Changé,4888.0,12882,37.94441856854526
Meistratzheim,567.0,1494,37.95180722891566
Caraman,958.0,2524,37.955625990491285
Chomérac,1141.0,3004,37.982689747003995
Belmont-de-la-Loire,558.0,1467,38.036809815950924
Charantonnay,757.0,1990,38.040201005025125
Criel-sur-Mer,996.0,2617,38.058846006878106
Gallardon,1387.0,3641,38.09393023894535
Auxon,546.0,1433,38.10188415910677
Pons,1604.0,4206,38.13599619591061
Orry-la-Ville,1291.0,3385,38.138847858197934
Monterfil,509.0,1334,38.15592203898051
Solliès-Ville,963.0,2523,38.16884661117717
Merville-Franceville-Plage,838.0,2195,38.17767653758542
Poligny,1983.0,5194,38.17866769349249
Saint-Jean-Lasseille,595.0,1558,38.18998716302953
Vallières-sur-Fier,1006.0,2633,38.207368021268515
Grane,767.0,2007,38.21624314897857
Azay-le-Brûlé,763.0,1995,38.24561403508772
Cucuron,680.0,1777,38.26674169949353
Saint-Ouen-d'Aunis,759.0,1983,38.27534039334342
Moncoutant-sur-Sèvre,1944.0,5070,38.34319526627219
Saint-Martin-d'Ablois,532.0,1387,38.35616438356164
Gosné,777.0,2025,38.370370370370374
Drefféac,878.0,2288,38.37412587412587
Sorède,1303.0,3395,38.379970544919004
Seignosse,1495.0,3890,38.43187660668381
Plouider,701.0,1824,38.43201754385965
Vaux-sur-Mer,1534.0,3990,38.446115288220554
Sizun,886.0,2304,38.45486111111111
Pruniers-en-Sologne,887.0,2304,38.49826388888889
Castillon-du-Gard,647.0,1679,38.534842167957116
Jouy-sur-Morin,853.0,2212,38.5623869801085
Montescot,629.0,1630,38.58895705521472
Châtillon-Coligny,722.0,1869,38.6302835741038
Arc-et-Senans,624.0,1614,38.66171003717472
Mers-les-Bains,996.0,2573,38.70967741935484
Pernay,562.0,1451,38.731909028256375
Treffendel,509.0,1314,38.73668188736682
Rurange-lès-Thionville,930.0,2399,38.76615256356815
Miremont,1155.0,2979,38.77139979859013
Mainvilliers,4337.0,11186,38.77167888431969
Saint-Étienne-de-Fontbellon,1117.0,2880,38.78472222222222
Donnery,1107.0,2854,38.78766643307638
Lauris,1509.0,3890,38.79177377892031
Le Pont-de-Beauvoisin,2179.0,5615,38.80676758682102
Labruguière,2527.0,6510,38.81720430107527
Vair-sur-Loire,1866.0,4807,38.81838984813813
Haybes,710.0,1829,38.819026790595956
Montségur-sur-Lauzon,525.0,1352,38.83136094674556
Congénies,647.0,1666,38.83553421368548
Attigny,511.0,1315,38.85931558935361
Cabannes,1739.0,4471,38.89510176694252
Saint-Georges-sur-Cher,1064.0,2735,38.90310786106033
Saint-Mars-du-Désert,2105.0,5406,38.938216796152425
Saint-Georges-les-Bains,938.0,2408,38.95348837209303
Andlau,687.0,1763,38.96766874645491
Saint-Ouen-de-Thouberville,956.0,2452,38.988580750407834
Portet-sur-Garonne,3837.0,9832,39.025630593978846
Ennery,1834.0,4697,39.046199701937404
Montenay,526.0,1347,39.04974016332591
Lansargues,1209.0,3096,39.05038759689923
Douvaine,2612.0,6688,39.05502392344498
Rolampont,546.0,1398,39.05579399141631
Candé,1102.0,2821,39.0641616448068
Bernardswiller,567.0,1451,39.07649896623019
Nay,1295.0,3312,39.100241545893724
Furiani,2257.0,5772,39.1025641025641
Vernou-sur-Brenne,1083.0,2769,39.11159263271939
Erbray,1191.0,3045,39.11330049261083
Lailly-en-Val,1213.0,3101,39.116414059980656
Saint-Palais-sur-Mer,1534.0,3920,39.13265306122449
Étreux,569.0,1454,39.1334250343879
Monchy-Saint-Éloi,847.0,2164,39.14048059149723
Potigny,811.0,2072,39.140926640926644
Chaumes-en-Brie,1326.0,3387,39.14968999114261
Maizières-la-Grande-Paroisse,590.0,1505,39.202657807308974
Mirefleurs,923.0,2353,39.226519337016576
Marmoutier,1064.0,2712,39.233038348082594
Sermaise,760.0,1937,39.235931853381516
Sin-le-Noble,6060.0,15442,39.24362129257869
Saint-Tropez,1413.0,3600,39.25
Noyers-sur-Cher,1064.0,2708,39.29098966026588
Rothau,601.0,1529,39.30673642903859
Tanneron,658.0,1674,39.30704898446834
Vaas,548.0,1394,39.31133428981349
Lancieux,622.0,1582,39.317319848293295
La Séauve-sur-Semène,584.0,1485,39.32659932659933
Eyragues,1739.0,4421,39.33499208323909
Hondschoote,1590.0,4041,39.346696362286565
Saint-Pal-de-Mons,905.0,2300,39.34782608695652
Valentigney,4288.0,10897,39.35027989354868
Hesdin,873.0,2218,39.35978358881875
Algrange,2404.0,6104,39.38401048492792
Bécon-les-Granits,1097.0,2784,39.4037356321839
Pont-Aven,1116.0,2831,39.42069939950548
Onnion,505.0,1280,39.453125
Seysses,3837.0,9725,39.455012853470436
Évrecy,797.0,2020,39.45544554455446
Pont-de-Veyle,646.0,1637,39.46243127672572
Chavenay,688.0,1743,39.472174411933445
Verniolle,906.0,2295,39.47712418300654
Mésanger,1866.0,4726,39.483707151925515
Montoison,767.0,1942,39.49536560247168
Josselin,992.0,2511,39.50617283950617
May-sur-Orne,797.0,2016,39.53373015873016
Val-du-Layon,1366.0,3455,39.536903039073806
Ercé-près-Liffré,777.0,1965,39.541984732824424
Cherveux,763.0,1929,39.55417314670814
Chauriat,685.0,1731,39.57250144425188
Livarot-Pays-d'Auge,2447.0,6183,39.57625748018761
Le Pouzin,1141.0,2883,39.57682969129379
Meymac,908.0,2291,39.63334788302051
Bracieux,524.0,1321,39.666919000757
Magny-Vernois,546.0,1375,39.70909090909091
Saint-Paul-en-Chablais,1002.0,2522,39.73037272006344
Diemeringen,635.0,1598,39.73717146433041
Gétigné,1489.0,3746,39.74906567004805
Précigné,1168.0,2938,39.75493533015657
Les Essarts-le-Roi,2679.0,6737,39.76547424669734
Saint-Amant-de-Boixe,526.0,1322,39.78819969742814
Chilleurs-aux-Bois,834.0,2096,39.79007633587786
Blérancourt,520.0,1306,39.81623277182236
Marck,4193.0,10523,39.84605150622446
Corzé,760.0,1907,39.853172522286314
Jassans-Riottier,2527.0,6337,39.87691336594603
Sonzay,562.0,1409,39.88644428672818
Bénesse-Maremne,1495.0,3748,39.88794023479189
Lugrin,1002.0,2511,39.904420549581836
Val-de-Bonnieure,526.0,1318,39.90895295902883
Belgentier,963.0,2411,39.9419328079635
Vieux-Thann,1133.0,2836,39.95063469675599
Vinon-sur-Verdon,1711.0,4280,39.976635514018696
Orchies,3410.0,8529,39.981240473678035
